city,date,death,temp,dewpoint,pm10,o3,season,year
chic,1/1/1997,137,36,37.5,13.05226827,5.659256204,winter,1997
chic,1/2/1997,123,45,47.25,41.94860022,5.525416704,winter,1997
chic,1/3/1997,127,40,38,27.04175091,6.288547904,winter,1997
chic,1/4/1997,146,51.5,45.5,25.07257296,7.537758024,winter,1997
chic,1/5/1997,102,27,11.25,15.34312077,20.76079764,winter,1997
chic,1/6/1997,127,17,5.75,9.36465498,14.94087424,winter,1997
chic,1/7/1997,116,16,7,20.22842783,11.92098546,winter,1997
chic,1/8/1997,118,19,17.75,33.13481929,8.678477254,winter,1997
chic,1/9/1997,148,26,24,12.11838093,13.35589185,winter,1997
chic,1/10/1997,121,16,5.375,24.76153415,10.44826392,winter,1997
chic,1/11/1997,110,1.5,-6.625,18.12615098,15.86609374,winter,1997
chic,1/12/1997,127,1,-8.875,16.01376956,15.11528954,winter,1997
chic,1/13/1997,129,3,1.5,34.99107867,9.381068454,winter,1997
chic,1/14/1997,151,10,11.5,64.94540283,8.029507614,winter,1997
chic,1/15/1997,128,19,23.25,26.94195522,7.066110664,winter,1997
chic,1/16/1997,132,9.5,-9.75,27.02290581,20.11302317,winter,1997
chic,1/17/1997,116,-3,-10.375,18.837025,15.36389807,winter,1997
chic,1/18/1997,142,0,-4.125,31.85973969,12.71322334,winter,1997
chic,1/19/1997,124,14,22.625,30.92316755,9.616132624,winter,1997
chic,1/20/1997,124,31,27.25,19.89456552,16.84036922,winter,1997
chic,1/21/1997,127,35,41.625,27.88201718,12.75867647,winter,1997
chic,1/22/1997,121,36.5,20.75,18.50876229,21.02421345,winter,1997
chic,1/23/1997,134,26,18.75,11.84569754,18.66507227,winter,1997
chic,1/24/1997,120,32,29.5,26.68734618,7.131937874,winter,1997
chic,1/25/1997,109,14.5,-1.375,16.61282475,17.16786113,winter,1997
chic,1/26/1997,109,11,17.125,21.64145522,9.960118444,winter,1997
chic,1/27/1997,115,17,8.375,22.67249763,9.167350094,winter,1997
chic,1/28/1997,105,2,-6.375,28.10117958,13.61396724,winter,1997
chic,1/29/1997,114,8,11,51.77660722,7.945009134,winter,1997
chic,1/30/1997,120,16.5,16.375,48.74146151,7.660618854,winter,1997
chic,1/31/1997,117,31.5,33.75,24.68632857,11.88260771,winter,1997
chic,2/1/1997,126,35,29.66666667,23.78494307,16.67618192,winter,1997
chic,2/2/1997,97,36.5,29.625,27.76214986,12.03236807,winter,1997
chic,2/3/1997,96,30,28,21.60092806,21.84955884,winter,1997
chic,2/4/1997,119,34.5,32,17.05089956,10.88754905,winter,1997
chic,2/5/1997,125,30,24.25,10.15774888,14.89403055,winter,1997
chic,2/6/1997,116,26,21.875,15.94308573,15.95782395,winter,1997
chic,2/7/1997,118,25.5,23.375,33.01070351,14.39124306,winter,1997
chic,2/8/1997,121,25.5,22.5,14.95590898,19.74964468,winter,1997
chic,2/9/1997,114,26,21,30.41044863,12.39763533,winter,1997
chic,2/10/1997,111,27,21.75,23.9148131,14.19356203,winter,1997
chic,2/11/1997,107,23.5,19.5,22.97234734,20.492388,winter,1997
chic,2/12/1997,127,21,11.6,12.71233618,23.09199333,winter,1997
chic,2/13/1997,98,20.5,16.375,22.71983618,20.17100535,winter,1997
chic,2/14/1997,104,25.5,23,35.67600056,15.45323965,winter,1997
chic,2/15/1997,122,20,15.25,28.37307563,19.52666144,winter,1997
chic,2/16/1997,124,18.5,8.125,15.66242989,20.01923367,winter,1997
chic,2/17/1997,120,30,32.625,38.74484747,17.29756199,winter,1997
chic,2/18/1997,106,48.5,41.375,27.59716612,27.01327545,winter,1997
chic,2/19/1997,103,37.5,27.5,17.61221142,19.05543624,winter,1997
chic,2/20/1997,139,35.5,44.125,29.76880483,6.890251524,winter,1997
chic,2/21/1997,133,36,29.625,7.340320898,16.31360999,winter,1997
chic,2/22/1997,109,26,24.25,7.856716918,23.01585331,winter,1997
chic,2/23/1997,121,28,14.625,7.908914718,24.99031832,winter,1997
chic,2/24/1997,111,21.5,10.875,17.83435014,18.93931778,winter,1997
chic,2/25/1997,105,25.5,27.125,41.12401186,12.52624267,winter,1997
chic,2/26/1997,107,36.5,35,34.05258329,7.962752864,winter,1997
chic,2/27/1997,123,34.5,30.25,19.74934995,13.19415263,winter,1997
chic,2/28/1997,124,37.5,36,26.12675911,15.17861423,winter,1997
chic,3/1/1997,125,45.5,44,28.12950637,13.86071666,winter,1997
chic,3/2/1997,108,35,27.375,9.940940378,30.99234906,winter,1997
chic,3/3/1997,114,33.5,29.375,15.98096999,29.26085194,winter,1997
chic,3/4/1997,104,38,28.875,26.03316779,15.41387477,winter,1997
chic,3/5/1997,120,33,28.625,31.42414209,17.79051647,winter,1997
chic,3/6/1997,134,26.5,13.375,26.50844252,25.03466454,winter,1997
chic,3/7/1997,101,35.5,35.25,30.58811285,18.00431447,winter,1997
chic,3/8/1997,102,39,28.25,16.23496274,30.11222704,winter,1997
chic,3/9/1997,125,37,32.625,21.20923471,15.17862197,winter,1997
chic,3/10/1997,119,44,33.25,26.32461932,20.22995016,winter,1997
chic,3/11/1997,115,37,23.375,20.13270298,29.97592522,winter,1997
chic,3/12/1997,121,33.5,25,20.43450943,30.81373449,winter,1997
chic,3/13/1997,112,37.5,30.5,22.48395998,28.38702037,winter,1997
chic,3/14/1997,127,26.5,15.5,18.57903562,24.61562249,winter,1997
chic,3/15/1997,99,19,8.375,8.03033619,30.73847129,winter,1997
chic,3/16/1997,125,24.5,23.75,16.93418234,26.62160968,winter,1997
chic,3/17/1997,115,45,33.625,31.8663052,22.21636296,winter,1997
chic,3/18/1997,113,33.5,27,18.60451201,40.20470785,winter,1997
chic,3/19/1997,105,35.5,28.875,23.5880285,28.49454298,winter,1997
chic,3/20/1997,113,46,31.875,31.50980485,24.94827561,winter,1997
chic,3/21/1997,120,53.5,42.5,58.49676383,17.99599573,winter,1997
chic,3/22/1997,105,37.5,28.625,18.60940119,27.96154844,winter,1997
chic,3/23/1997,119,32.5,20.375,15.13375942,24.76784887,winter,1997
chic,3/24/1997,147,33,32.375,26.64236823,18.61572676,winter,1997
chic,3/25/1997,123,40.5,30,22.71654405,14.80005212,winter,1997
chic,3/26/1997,108,44,36.75,21.77022546,20.56261571,winter,1997
chic,3/27/1997,117,60.5,40.125,46.7639458,24.37719067,winter,1997
chic,3/28/1997,110,55.5,53.875,46.79966009,10.87255405,winter,1997
chic,3/29/1997,106,43.5,41,22.01639466,14.85052893,winter,1997
chic,3/30/1997,96,37.5,33.75,8.76669305,23.4912074,winter,1997
chic,3/31/1997,119,38.5,22,19.66229745,25.24378878,winter,1997
chic,4/1/1997,119,44.5,28.125,59.72323797,14.05863838,spring,1997
chic,4/2/1997,99,53,29.875,61.74029149,11.67148601,spring,1997
chic,4/3/1997,120,59.5,49.875,42.61941237,10.74764575,spring,1997
chic,4/4/1997,130,62.5,48.25,50.95457935,28.97011933,spring,1997
chic,4/5/1997,97,60.5,54.375,18.4023794,26.12551739,spring,1997
chic,4/6/1997,105,45,21.75,30.38314863,26.7899782,spring,1997
chic,4/7/1997,102,34,18.375,20.16241948,25.26395543,spring,1997
chic,4/8/1997,104,28.5,9.25,12.21309834,20.04180523,spring,1997
chic,4/9/1997,137,30,18.875,13.04276867,20.74389095,spring,1997
chic,4/10/1997,111,30.5,22,25.16890125,20.50140804,spring,1997
chic,4/11/1997,108,33.5,32,19.92188955,23.50232563,spring,1997
chic,4/12/1997,96,33.5,30.375,12.02903241,20.76591495,spring,1997
chic,4/13/1997,100,38.5,24.625,10.22229064,26.70238568,spring,1997
chic,4/14/1997,105,41.5,28.125,50.13272956,16.60310949,spring,1997
chic,4/15/1997,128,49,36.25,74.14921308,26.20475965,spring,1997
chic,4/16/1997,120,43,25.625,24.42976372,20.30031871,spring,1997
chic,4/17/1997,98,40.5,25.75,12.26734494,17.01137552,spring,1997
chic,4/18/1997,118,40,34.75,39.2700922,11.74001894,spring,1997
chic,4/19/1997,94,45.5,30.875,32.28045661,22.37599898,spring,1997
chic,4/20/1997,117,49,42.25,30.36037903,22.08988359,spring,1997
chic,4/21/1997,121,45,31,16.40982958,32.80754296,spring,1997
chic,4/22/1997,110,43,33.625,14.83384899,28.00670944,spring,1997
chic,4/23/1997,110,48.5,34,5.566422982,25.38695006,spring,1997
chic,4/24/1997,108,47.5,36.5,7.478510892,21.56716872,spring,1997
chic,4/25/1997,121,48,27.75,22.48867942,23.19473452,spring,1997
chic,4/26/1997,114,49.5,24.25,35.48833582,21.30419855,spring,1997
chic,4/27/1997,116,47.5,40.25,23.56800615,27.47591902,spring,1997
chic,4/28/1997,109,50.5,40.75,61.23384248,18.50701151,spring,1997
chic,4/29/1997,123,60,45.25,91.57350065,33.2854148,spring,1997
chic,4/30/1997,115,55,50,47.56251164,22.81656658,spring,1997
chic,5/1/1997,101,48.5,36.875,15.56162372,18.89285702,spring,1997
chic,5/2/1997,118,48.5,45.5,31.59235891,8.900922509,spring,1997
chic,5/3/1997,100,49,40.375,11.61708419,20.43545892,spring,1997
chic,5/4/1997,126,51.5,33.25,19.24785854,28.13336358,spring,1997
chic,5/5/1997,126,62,38.875,77.69126001,28.53284903,spring,1997
chic,5/6/1997,121,55.5,35,24.78191935,21.80871968,spring,1997
chic,5/7/1997,114,52.5,49.25,37.67473475,19.11842857,spring,1997
chic,5/8/1997,112,61,42.75,26.67673217,27.42395907,spring,1997
chic,5/9/1997,111,50.5,36,12.68772118,20.023251,spring,1997
chic,5/10/1997,111,52.5,32.625,27.26056369,20.49802109,spring,1997
chic,5/11/1997,107,59.5,43.875,26.69046843,25.81095989,spring,1997
chic,5/12/1997,124,52.5,32.5,29.66574316,24.83249769,spring,1997
chic,5/13/1997,104,45.5,38.75,22.80688708,16.76821907,spring,1997
chic,5/14/1997,107,49.5,40.625,32.77959117,10.96171517,spring,1997
chic,5/15/1997,109,45,35.5,7.752118646,12.31652263,spring,1997
chic,5/16/1997,133,51,41.375,35.03828883,20.18138636,spring,1997
chic,5/17/1997,108,50.5,38.25,19.84552524,27.88489814,spring,1997
chic,5/18/1997,109,59.5,63.875,33.90871205,23.01753568,spring,1997
chic,5/19/1997,96,54,42.375,20.94567071,17.89384996,spring,1997
chic,5/20/1997,118,51.5,38.125,25.94884988,16.30150301,spring,1997
chic,5/21/1997,111,48,34.375,10.89939933,18.67138209,spring,1997
chic,5/22/1997,107,50.5,34.625,29.99117744,18.6941004,spring,1997
chic,5/23/1997,106,58,40.75,35.80324548,23.62915606,spring,1997
chic,5/24/1997,101,68.5,56.125,61.78401471,38.76134299,spring,1997
chic,5/25/1997,107,50,44.5,21.84118037,35.7988368,spring,1997
chic,5/26/1997,109,50,35.875,4.851112866,30.91117846,spring,1997
chic,5/27/1997,100,56,39.375,25.73572826,28.03759129,spring,1997
chic,5/28/1997,109,58.5,56.875,30.25673707,18.69626344,spring,1997
chic,5/29/1997,92,58,50.75,21.70550847,15.66312397,spring,1997
chic,5/30/1997,114,61,51.75,25.70825573,26.72116821,spring,1997
chic,5/31/1997,110,59,53.375,20.62926298,35.43555014,spring,1997
chic,6/1/1997,99,60.5,51.25,15.52251351,42.33315422,spring,1997
chic,6/2/1997,100,58,54.5,17.54998603,28.20088794,spring,1997
chic,6/3/1997,104,61.5,52.625,25.80557555,28.8544356,spring,1997
chic,6/4/1997,94,59,47.5,28.52526076,28.57703899,spring,1997
chic,6/5/1997,114,62,56,47.60767834,29.24053355,spring,1997
chic,6/6/1997,114,63.5,58.75,47.64119932,22.36521984,spring,1997
chic,6/7/1997,117,58.5,55.375,14.57238312,19.64381105,spring,1997
chic,6/8/1997,97,61,48.625,19.5971084,39.02341895,spring,1997
chic,6/9/1997,102,62.5,51.75,34.11960569,39.50885581,spring,1997
chic,6/10/1997,95,66.5,53.875,47.52567983,39.04671332,spring,1997
chic,6/11/1997,115,67.5,63.125,54.62458093,18.85131536,spring,1997
chic,6/12/1997,105,70,63.625,56.74834218,18.51191443,spring,1997
chic,6/13/1997,98,71,52,39.74552947,27.04394593,spring,1997
chic,6/14/1997,94,56.5,41.875,8.809167687,19.26282337,spring,1997
chic,6/15/1997,126,63,59.75,32.28022902,33.15908871,spring,1997
chic,6/16/1997,115,67,53.375,23.8021978,30.47585314,spring,1997
chic,6/17/1997,110,60.5,50.375,23.75153523,21.37586282,spring,1997
chic,6/18/1997,94,67,61.125,48.67247253,29.43385997,spring,1997
chic,6/19/1997,94,70,65.875,56.83851648,30.16635834,spring,1997
chic,6/20/1997,112,81.5,72.875,74.78357143,38.25061045,spring,1997
chic,6/21/1997,106,75.5,64.75,26.78456998,28.10864899,spring,1997
chic,6/22/1997,97,77,66.875,21.04739011,35.9279615,spring,1997
chic,6/23/1997,99,82.5,69.625,68.20145546,27.36394428,spring,1997
chic,6/24/1997,94,84,60,123.4337673,30.20083455,spring,1997
chic,6/25/1997,124,78,62.75,37.51510989,27.64699996,spring,1997
chic,6/26/1997,97,73.5,55.25,25.67615995,28.02588001,spring,1997
chic,6/27/1997,120,72.5,59,43.90843721,29.83663336,spring,1997
chic,6/28/1997,96,74,62,46.72835775,44.34379213,spring,1997
chic,6/29/1997,95,75,65.25,60.94193307,54.68763863,spring,1997
chic,6/30/1997,114,76,69.25,34.94700358,18.07734141,spring,1997
chic,7/1/1997,121,77.5,68.625,45.98551449,36.37921409,summer,1997
chic,7/2/1997,108,79.5,55.75,58.03069895,28.56051276,summer,1997
chic,7/3/1997,98,68.5,54.25,23.39484776,16.66064783,summer,1997
chic,7/4/1997,98,61.5,51.875,10.0334462,9.148545689,summer,1997
chic,7/5/1997,109,65.5,50.75,15.04443521,19.71197288,summer,1997
chic,7/6/1997,106,70,57.75,18.20100733,30.27881577,summer,1997
chic,7/7/1997,107,65.5,52.5,21.04737414,25.31450384,summer,1997
chic,7/8/1997,95,71,58,38.97594557,28.16231609,summer,1997
chic,7/9/1997,86,62,50.75,14.95504818,26.4205167,summer,1997
chic,7/10/1997,106,64.5,51,26.05597917,23.31584029,summer,1997
chic,7/11/1997,98,68.5,59.125,41.05873399,32.42718916,summer,1997
chic,7/12/1997,98,74.5,63.5,58.09618034,46.69061387,summer,1997
chic,7/13/1997,115,82.5,71.75,58.13830347,37.22932166,summer,1997
chic,7/14/1997,114,83,62.375,41.11901972,26.18792133,summer,1997
chic,7/15/1997,96,79,64.25,28.35494181,22.93871501,summer,1997
chic,7/16/1997,92,82.5,59.875,39.1823806,30.36439377,summer,1997
chic,7/17/1997,103,84,68.625,58.19064507,42.00033433,summer,1997
chic,7/18/1997,101,79,69.125,55.12382693,19.02179944,summer,1997
chic,7/19/1997,106,74.5,60.625,21.16678063,28.45890074,summer,1997
chic,7/20/1997,108,76.5,71.625,38.16678063,34.59199171,summer,1997
chic,7/21/1997,90,72,65.125,26.73552063,29.58039859,summer,1997
chic,7/22/1997,89,69,64.375,21.05658779,26.28534047,summer,1997
chic,7/23/1997,102,69,59.75,25.04556851,29.61991705,summer,1997
chic,7/24/1997,114,72.5,64.75,43.13986392,37.00045768,summer,1997
chic,7/25/1997,95,76,75.75,78.24489397,35.52402097,summer,1997
chic,7/26/1997,110,85.5,73.375,58.21459094,41.66751042,summer,1997
chic,7/27/1997,86,81.5,73.75,35.0229595,25.68916314,summer,1997
chic,7/28/1997,109,74.5,57.375,16.15949453,19.17150132,summer,1997
chic,7/29/1997,108,66.5,50.875,5.145720416,18.64487127,summer,1997
chic,7/30/1997,99,68.5,52.375,14.10035752,19.5914067,summer,1997
chic,7/31/1997,116,69,56.25,36.16699981,23.83301613,summer,1997
chic,8/1/1997,105,74.5,58.875,70.26341854,39.65390007,summer,1997
chic,8/2/1997,108,81.5,59.375,47.40720392,42.10156086,summer,1997
chic,8/3/1997,102,78,66.5,34.25239926,35.46826666,summer,1997
chic,8/4/1997,81,71,57.75,13.29647639,19.79762394,summer,1997
chic,8/5/1997,94,62.5,45.875,9.565040117,18.19914837,summer,1997
chic,8/6/1997,69,64.5,54,28.23201198,13.84084064,summer,1997
chic,8/7/1997,121,67,55.5,45.25680537,24.37385827,summer,1997
chic,8/8/1997,88,69.5,52.875,45.72722817,33.01657675,summer,1997
chic,8/9/1997,100,70.5,66,41.3008825,24.20483379,summer,1997
chic,8/10/1997,126,75.5,65.5,42.28435358,23.53685707,summer,1997
chic,8/11/1997,106,67.5,62.125,12.10002235,14.07665133,summer,1997
chic,8/12/1997,111,69.5,67.875,26.56965533,4.018490079,summer,1997
chic,8/13/1997,94,68.5,58.75,17.55588122,16.34695586,summer,1997
chic,8/14/1997,96,65.5,63.125,28.2279563,18.40566495,summer,1997
chic,8/15/1997,101,77,70,38.55037158,19.53726264,summer,1997
chic,8/16/1997,92,80,69.875,36.57241015,30.21310117,summer,1997
chic,8/17/1997,99,68.5,64,NA,20.55584142,summer,1997
chic,8/18/1997,107,63.5,54.375,4.528333008,15.74373226,summer,1997
chic,8/19/1997,112,64,60,24.60822282,14.42364565,summer,1997
chic,8/20/1997,106,67,59.375,28.25433275,13.59348437,summer,1997
chic,8/21/1997,98,63.5,52.875,11.6137629,16.27254784,summer,1997
chic,8/22/1997,99,64,54.875,20.65243694,10.488212,summer,1997
chic,8/23/1997,103,65.5,57.75,25.11712128,15.64718471,summer,1997
chic,8/24/1997,96,70.5,62.75,18.25164246,26.38495859,summer,1997
chic,8/25/1997,110,65.5,59.5,24.19915628,25.59353579,summer,1997
chic,8/26/1997,104,69,68.75,45.4149698,16.18665473,summer,1997
chic,8/27/1997,100,77,67.5,47.16048225,14.06976526,summer,1997
chic,8/28/1997,109,68.5,58.125,14.16048224,17.52169962,summer,1997
chic,8/29/1997,97,67,58.875,25.39656937,16.1954538,summer,1997
chic,8/30/1997,87,65,68.125,40.24996467,16.30556035,summer,1997
chic,8/31/1997,101,72,62.125,17.31902544,26.51990419,summer,1997
chic,9/1/1997,94,70.5,65.875,29.69624619,24.3715135,summer,1997
chic,9/2/1997,93,68,51.75,34.34941218,10.78914157,summer,1997
chic,9/3/1997,82,58.5,47.125,4.393611078,15.16591743,summer,1997
chic,9/4/1997,111,59,44.875,28.45127174,13.7159208,summer,1997
chic,9/5/1997,93,60.5,51,54.48829607,14.11582078,summer,1997
chic,9/6/1997,119,74.5,64.75,39.50487066,30.04226489,summer,1997
chic,9/7/1997,95,66,60.125,20.35094288,21.21907818,summer,1997
chic,9/8/1997,101,67.5,62.875,20.53801983,16.87984616,summer,1997
chic,9/9/1997,103,68.5,60.375,30.57945629,18.35755483,summer,1997
chic,9/10/1997,103,64.5,55.375,13.97688388,12.45601939,summer,1997
chic,9/11/1997,100,61.5,53.75,20.08841706,6.786060829,summer,1997
chic,9/12/1997,89,61.5,52.75,28.02211872,10.38699963,summer,1997
chic,9/13/1997,113,63.5,58.625,41.32348389,18.2208076,summer,1997
chic,9/14/1997,110,69,62.375,48.03593088,31.19623911,summer,1997
chic,9/15/1997,120,69.5,65.375,80.03316844,32.22166843,summer,1997
chic,9/16/1997,104,74.5,68.875,81.07067052,36.32778426,summer,1997
chic,9/17/1997,99,70,50.875,19.21625231,13.70060683,summer,1997
chic,9/18/1997,87,69,50.375,94.28255065,19.05174989,summer,1997
chic,9/19/1997,94,73,67.875,35.30382545,21.44721551,summer,1997
chic,9/20/1997,109,58.5,48.5,7.531169427,13.76856933,summer,1997
chic,9/21/1997,110,57,46.125,11.56984347,8.278728699,summer,1997
chic,9/22/1997,97,57.5,51.875,34.90229601,4.054641319,summer,1997
chic,9/23/1997,103,59,46.375,14.93434944,9.708390849,summer,1997
chic,9/24/1997,101,56.5,47.375,29.9039627,7.514597849,summer,1997
chic,9/25/1997,111,66,55.125,28.37999078,14.73798366,summer,1997
chic,9/26/1997,103,60,51.125,19.57799585,14.18373664,summer,1997
chic,9/27/1997,115,62.5,54.125,29.67468093,17.0439295,summer,1997
chic,9/28/1997,86,64,48,22.82900617,13.62840434,summer,1997
chic,9/29/1997,103,65,44.125,56.58147845,15.95539053,summer,1997
chic,9/30/1997,112,59.5,47,17.57042873,8.791206069,summer,1997
chic,10/1/1997,101,52,42.5,18.30753249,14.16913601,autumn,1997
chic,10/2/1997,104,61,51.875,75.84943425,12.85086137,autumn,1997
chic,10/3/1997,117,73,60.75,87.9433569,28.50312949,autumn,1997
chic,10/4/1997,107,68,55.75,44.23844528,17.99393647,autumn,1997
chic,10/5/1997,113,70,54.875,50.91796116,27.43599159,autumn,1997
chic,10/6/1997,100,70.5,56.375,85.92901088,19.70011993,autumn,1997
chic,10/7/1997,132,73.5,58.875,54.18717226,17.62025607,autumn,1997
chic,10/8/1997,119,72.5,60.375,71.85442524,29.71689146,autumn,1997
chic,10/9/1997,109,64,44.75,39.87652469,15.05132247,autumn,1997
chic,10/10/1997,101,59,47.25,42.08855497,8.025645254,autumn,1997
chic,10/11/1997,109,61.5,44.25,27.04250182,16.91867277,autumn,1997
chic,10/12/1997,116,70,56.125,33.97896591,29.92110121,autumn,1997
chic,10/13/1997,108,59.5,39.375,20.59545715,12.43818877,autumn,1997
chic,10/14/1997,108,42.5,30.25,15.97344104,7.684962749,autumn,1997
chic,10/15/1997,95,42.5,36.75,42.06183884,3.282740287,autumn,1997
chic,10/16/1997,107,47.5,38.5,45.19310819,7.979999744,autumn,1997
chic,10/17/1997,93,45.5,39.25,44.98311384,6.096835984,autumn,1997
chic,10/18/1997,118,44.5,36.375,49.99140113,6.383835484,autumn,1997
chic,10/19/1997,101,50,45.25,36.0480655,13.70280634,autumn,1997
chic,10/20/1997,105,45.5,32.625,15.99140113,5.898247614,autumn,1997
chic,10/21/1997,135,42.5,20.625,15.97206412,9.551619484,autumn,1997
chic,10/22/1997,106,36,23.5,26.3796492,11.69927403,autumn,1997
chic,10/23/1997,109,44.5,31.25,47.53823933,2.980506134,autumn,1997
chic,10/24/1997,128,46,44.375,35.43879181,0.085841944,autumn,1997
chic,10/25/1997,112,47,37.875,22.02964685,14.7552341,autumn,1997
chic,10/26/1997,109,40,36,4.444316674,21.23241348,autumn,1997
chic,10/27/1997,128,32.5,25.57142857,12.49404043,11.21288774,autumn,1997
chic,10/28/1997,128,39,36.125,40.24102977,4.553954792,autumn,1997
chic,10/29/1997,106,44,36,49.59215942,2.4276765,autumn,1997
chic,10/30/1997,128,51,50.25,60.63359589,10.99730122,autumn,1997
chic,10/31/1997,130,59.5,52.5,37.54374391,11.12766727,autumn,1997
chic,11/1/1997,117,50,36.125,14.60320915,8.280297454,autumn,1997
chic,11/2/1997,111,38.5,30.125,3.594921849,9.837252924,autumn,1997
chic,11/3/1997,118,36.5,34.125,17.63612005,1.572217033,autumn,1997
chic,11/4/1997,103,39,35.25,19.94749735,0.946119191,autumn,1997
chic,11/5/1997,99,40,40.5,29.91987304,3.905143159,autumn,1997
chic,11/6/1997,125,45,39.875,22.14110936,6.817325611,autumn,1997
chic,11/7/1997,119,43,35.25,11.97512166,17.81591136,autumn,1997
chic,11/8/1997,117,44,34.125,17.98617138,14.07328937,autumn,1997
chic,11/9/1997,120,42.5,34.875,20.9560038,8.690660258,autumn,1997
chic,11/10/1997,121,36.5,22.125,14.76170946,9.42537895,autumn,1997
chic,11/11/1997,93,28.5,18.25,18.69817354,6.334441315,autumn,1997
chic,11/12/1997,103,26.5,16.75,29.41938875,7.309092868,autumn,1997
chic,11/13/1997,108,31.5,22.25,33.62082548,8.287314003,autumn,1997
chic,11/14/1997,122,36,31.25,14.35010725,16.12077291,autumn,1997
chic,11/15/1997,115,29,24.375,12.15521543,8.692985326,autumn,1997
chic,11/16/1997,112,22,14,7.188812768,14.94203113,autumn,1997
chic,11/17/1997,114,25.5,24,46.01477962,6.964714814,autumn,1997
chic,11/18/1997,112,32,25.125,37.59718509,6.573466394,autumn,1997
chic,11/19/1997,118,27.5,22.625,38.79102272,4.492958813,autumn,1997
chic,11/20/1997,125,33.5,37.5,58.74129896,3.391920866,autumn,1997
chic,11/21/1997,140,35.5,29.625,15.81095956,19.4175146,autumn,1997
chic,11/22/1997,106,34.5,25.625,31.77974965,10.61651418,autumn,1997
chic,11/23/1997,114,26,20.75,12.88748446,12.32242172,autumn,1997
chic,11/24/1997,111,26.5,17.125,32.08926119,7.093888857,autumn,1997
chic,11/25/1997,94,47,41.25,53.83499827,9.803494571,autumn,1997
chic,11/26/1997,111,43,23.625,33.72726346,9.033927712,autumn,1997
chic,11/27/1997,95,37.5,39,27.50668765,7.275335381,autumn,1997
chic,11/28/1997,136,49,45.25,26.46023499,4.999315507,autumn,1997
chic,11/29/1997,109,45.5,47.125,47.37736206,5.47861927,autumn,1997
chic,11/30/1997,95,42,31.875,16.48376763,15.47924692,autumn,1997
chic,12/1/1997,122,37,31.125,2.33040074,21.88992046,autumn,1997
chic,12/2/1997,108,36.5,30,28.28620184,9.034914135,autumn,1997
chic,12/3/1997,127,36.5,32.75,27.45798321,2.97547475,autumn,1997
chic,12/4/1997,120,32,21.375,10.36154807,6.668088023,autumn,1997
chic,12/5/1997,109,26,17.375,17.47480774,5.713654656,autumn,1997
chic,12/6/1997,115,28.5,25.75,19.83278403,8.989306206,autumn,1997
chic,12/7/1997,101,30,27,12.59359227,9.578949412,autumn,1997
chic,12/8/1997,116,28.5,26.875,26.54110608,6.160890245,autumn,1997
chic,12/9/1997,85,33,30.625,36.51992162,3.329629224,autumn,1997
chic,12/10/1997,125,34.5,31,7.689420014,13.86412352,autumn,1997
chic,12/11/1997,109,33.5,25,9.747431064,17.90679,autumn,1997
chic,12/12/1997,108,27.5,21.25,25.08270501,10.48730232,autumn,1997
chic,12/13/1997,119,26.5,22.25,22.92698907,6.909747484,autumn,1997
chic,12/14/1997,104,31,25.875,31.88279018,5.322015789,autumn,1997
chic,12/15/1997,118,37.5,30.875,48.88852735,4.512416304,autumn,1997
chic,12/16/1997,119,39,30,52.98782534,5.062039214,autumn,1997
chic,12/17/1997,112,37,26.5,47.9574386,7.970614184,autumn,1997
chic,12/18/1997,118,38.5,32.75,44.69161462,4.118907564,autumn,1997
chic,12/19/1997,106,40.5,33.125,52.01821208,3.524463234,autumn,1997
chic,12/20/1997,94,33,23.875,14.12594688,9.071323134,autumn,1997
chic,12/21/1997,136,32.5,25,13.24848485,16.46850411,autumn,1997
chic,12/22/1997,120,34.5,33,14.21020439,7.362736854,autumn,1997
chic,12/23/1997,124,34,27.625,38.30136461,3.879772974,autumn,1997
chic,12/24/1997,104,34,31.5,31.46362104,6.740086894,autumn,1997
chic,12/25/1997,122,30.5,24.5,13.37318781,7.607853044,autumn,1997
chic,12/26/1997,119,28.5,23.75,23.32622649,5.770262323,autumn,1997
chic,12/27/1997,132,23,13.75,16.28572744,6.411491858,autumn,1997
chic,12/28/1997,111,25.5,28.75,28.19149376,6.107994889,autumn,1997
chic,12/29/1997,119,29.5,23.625,22.27436669,3.823882394,autumn,1997
chic,12/30/1997,112,21.5,17.25,23.92552364,6.969592984,autumn,1997
chic,12/31/1997,127,18,5.25,26.37933906,11.42414764,autumn,1997
chic,1/1/1998,108,28,22.5,23.39038879,14.2731939,winter,1998
chic,1/2/1998,136,44,35.9,39.41713908,9.941647914,winter,1998
chic,1/3/1998,128,47,46.9,27.26162158,11.83026165,winter,1998
chic,1/4/1998,145,45,40,10.26990887,8.871308309,winter,1998
chic,1/5/1998,120,48,46.7,20.06036035,4.995692728,winter,1998
chic,1/6/1998,144,43,41.1,39.18427351,9.032827125,winter,1998
chic,1/7/1998,110,38,34.2,NA,16.45256992,winter,1998
chic,1/8/1998,107,34,30.8,0.330359317,17.7504518,winter,1998
chic,1/9/1998,123,25,25.3,15.17952687,12.86425783,winter,1998
chic,1/10/1998,107,12,2.8,19.24030035,13.23825135,winter,1998
chic,1/11/1998,112,18,7.1,30.80604399,8.143275018,winter,1998
chic,1/12/1998,131,23,20.6,27.30107384,3.298827974,winter,1998
chic,1/13/1998,108,7,-6,40.17952688,7.921954692,winter,1998
chic,1/14/1998,135,17,15.4,45.18930709,10.88875686,winter,1998
chic,1/15/1998,132,28,23.1,28.24613823,6.015316052,winter,1998
chic,1/16/1998,143,28,23.6,17.29309956,10.60119343,winter,1998
chic,1/17/1998,127,23,21.9,33.85415461,4.680554287,winter,1998
chic,1/18/1998,141,16,13.5,36.24890067,5.133443143,winter,1998
chic,1/19/1998,135,24,19.1,41.25718796,3.271598744,winter,1998
chic,1/20/1998,123,26,21.3,58.23189743,4.979383252,winter,1998
chic,1/21/1998,119,31,26.8,36.03400225,5.605710995,winter,1998
chic,1/22/1998,124,32,29.9,36.00361551,2.858034571,winter,1998
chic,1/23/1998,125,28,25.8,39.34817849,3.142815243,winter,1998
chic,1/24/1998,152,28,24.2,42.1997481,3.830004691,winter,1998
chic,1/25/1998,139,28,22.9,24.31300777,10.64494487,winter,1998
chic,1/26/1998,153,31,28.6,43.29861116,3.284965583,winter,1998
chic,1/27/1998,120,33,30.4,32.61828327,2.992380321,winter,1998
chic,1/28/1998,123,36,32.5,38.57960924,2.921062708,winter,1998
chic,1/29/1998,110,37,30.6,31.07919141,6.003861673,winter,1998
chic,1/30/1998,138,31,25.6,18.60999598,7.493304441,winter,1998
chic,1/31/1998,132,35,29.1,36.72878051,6.841358596,winter,1998
chic,2/1/1998,142,39,31,25.63592505,8.644216601,winter,1998
chic,2/2/1998,120,33,26.6,16.98570343,12.30244893,winter,1998
chic,2/3/1998,86,34,28.9,24.9470294,15.97026895,winter,1998
chic,2/4/1998,120,32,25.6,13.98994661,26.75008966,winter,1998
chic,2/5/1998,121,32,27.4,5.87796862,29.56028057,winter,1998
chic,2/6/1998,124,36,29.4,13.91664266,24.88155245,winter,1998
chic,2/7/1998,122,34,28.7,28.98789513,20.96762022,winter,1998
chic,2/8/1998,110,33,28.3,26.04915581,25.92298562,winter,1998
chic,2/9/1998,123,35,28.8,87.07401769,5.953207168,winter,1998
chic,2/10/1998,125,39,33.9,64.6498205,7.616033438,winter,1998
chic,2/11/1998,136,41,38.6,33.00495692,5.362857215,winter,1998
chic,2/12/1998,116,35,28.3,11.94694587,15.20446531,winter,1998
chic,2/13/1998,119,36,31.4,35.8123488,8.394360783,winter,1998
chic,2/14/1998,135,38,31,32.79521682,8.317100255,winter,1998
chic,2/15/1998,125,43,32,27.83389085,10.15403757,winter,1998
chic,2/16/1998,129,42,35.3,34.61350605,11.70215115,winter,1998
chic,2/17/1998,116,41,38.8,14.75072113,13.07499937,winter,1998
chic,2/18/1998,108,39,35.3,NA,19.04999964,winter,1998
chic,2/19/1998,113,40,35,20.6752425,8.958724805,winter,1998
chic,2/20/1998,110,39,33.5,20.97370781,12.29241577,winter,1998
chic,2/21/1998,110,38,30.1,16.90208246,15.87504999,winter,1998
chic,2/22/1998,116,44,35,40.73444625,15.24628708,winter,1998
chic,2/23/1998,139,41,29.7,31.70924499,21.20835372,winter,1998
chic,2/24/1998,135,45,36.7,40.69547089,10.7720774,winter,1998
chic,2/25/1998,114,42,34.6,41.66012634,20.44950028,winter,1998
chic,2/26/1998,127,54,36.7,38.84274281,17.13383492,winter,1998
chic,2/27/1998,107,42,37.7,29.78489157,16.70428189,winter,1998
chic,2/28/1998,132,41,33.2,22.83397595,14.23918479,winter,1998
chic,3/1/1998,120,35,28.5,7.848252452,14.01987011,winter,1998
chic,3/2/1998,115,33,31.5,17.81794942,7.959817545,winter,1998
chic,3/3/1998,123,34,30.4,6.667937923,19.96990528,winter,1998
chic,3/4/1998,114,34,24.1,14.93892772,23.21253666,winter,1998
chic,3/5/1998,110,36,24.1,10.81220596,22.0917764,winter,1998
chic,3/6/1998,91,34,27.9,33.53892903,12.62230465,winter,1998
chic,3/7/1998,125,36,28.1,28.8177156,25.16307876,winter,1998
chic,3/8/1998,121,38,34.2,12.79567703,24.55008381,winter,1998
chic,3/9/1998,131,26,20.7,21.88567493,31.15559116,winter,1998
chic,3/10/1998,134,18,4.9,15.61461005,21.87888473,winter,1998
chic,3/11/1998,123,18,2.3,17.65042272,18.31816226,winter,1998
chic,3/12/1998,104,18,6.7,37.63982475,14.60481564,winter,1998
chic,3/13/1998,134,29,20.7,50.46034008,17.41072711,winter,1998
chic,3/14/1998,132,28,14,15.36943099,27.8154874,winter,1998
chic,3/15/1998,90,27,20.9,13.28536145,30.46131565,winter,1998
chic,3/16/1998,134,30,22.6,21.57259903,29.83923134,winter,1998
chic,3/17/1998,97,36,31.7,35.74615275,15.90201554,winter,1998
chic,3/18/1998,115,45,41.9,37.4554206,5.550552631,winter,1998
chic,3/19/1998,128,37,34.2,3.894913082,21.2070732,winter,1998
chic,3/20/1998,102,35,27.1,6.035408952,38.80874714,winter,1998
chic,3/21/1998,116,37,24.7,3.005322156,37.16251336,winter,1998
chic,3/22/1998,89,36,22.6,9.145080529,28.55499743,winter,1998
chic,3/23/1998,119,38,21.6,38.13681606,17.55893668,winter,1998
chic,3/24/1998,138,40,23.3,32.70961992,16.05736624,winter,1998
chic,3/25/1998,124,51,38.6,38.15885463,19.81460181,winter,1998
chic,3/26/1998,126,68,53.9,95.1147775,32.8514069,winter,1998
chic,3/27/1998,120,67,52.3,100.0598836,32.37944206,winter,1998
chic,3/28/1998,128,57,50.9,16.24339556,29.97836643,winter,1998
chic,3/29/1998,107,62,54.3,42.22962145,22.78837019,winter,1998
chic,3/30/1998,106,73,59.4,31.33551305,25.77262145,winter,1998
chic,3/31/1998,114,59,51.7,28.22411181,22.89028078,winter,1998
chic,4/1/1998,89,44,36.6,16.15799611,19.8022847,spring,1998
chic,4/2/1998,95,44,37.1,13.51180691,13.97909597,spring,1998
chic,4/3/1998,102,41,35,13.47600931,19.25949302,spring,1998
chic,4/4/1998,113,41,28.1,5.699149801,28.32121854,spring,1998
chic,4/5/1998,101,41,23.7,16.49474157,20.05969958,spring,1998
chic,4/6/1998,105,48,32.6,31.81760711,18.76221487,spring,1998
chic,4/7/1998,100,52,39.4,49.93884298,18.14981795,spring,1998
chic,4/8/1998,103,48,46.3,20.9285774,8.663955747,spring,1998
chic,4/9/1998,107,43,32.8,10.70281656,25.58065622,spring,1998
chic,4/10/1998,109,46,27,16.71659067,25.10802547,spring,1998
chic,4/11/1998,91,50,34.9,32.4350938,21.05180601,spring,1998
chic,4/12/1998,115,64,38.5,40.64496533,42.94678851,spring,1998
chic,4/13/1998,111,62,46.7,49.62017194,31.7410308,spring,1998
chic,4/14/1998,111,58,48.1,23.89046085,21.23216499,spring,1998
chic,4/15/1998,112,53,46.6,47.73498385,12.91530715,spring,1998
chic,4/16/1998,102,42,40,9.765286885,10.35486849,spring,1998
chic,4/17/1998,111,45,30.2,21.14325771,17.439332,spring,1998
chic,4/18/1998,113,50,32.1,41.7157001,19.91091452,spring,1998
chic,4/19/1998,99,52,33,27.82313812,28.16359353,spring,1998
chic,4/20/1998,100,52,40.8,45.79546376,22.4899537,spring,1998
chic,4/21/1998,99,50,46.2,28.53788116,29.64649559,spring,1998
chic,4/22/1998,95,53,37.1,23.54890045,30.22803235,spring,1998
chic,4/23/1998,104,56,35.6,44.81484586,18.24137097,spring,1998
chic,4/24/1998,99,62,36.5,48.54890045,26.20326621,spring,1998
chic,4/25/1998,113,56,46.8,40.49104921,29.51323713,spring,1998
chic,4/26/1998,103,48,43.3,25.6270867,26.91766506,spring,1998
chic,4/27/1998,92,45,27.5,10.79966277,30.859069,spring,1998
chic,4/28/1998,92,46,33.8,28.5930512,21.69933906,spring,1998
chic,4/29/1998,102,54,48.4,52.83808378,12.79643555,spring,1998
chic,4/30/1998,107,55,51.3,37.6977344,9.747819924,spring,1998
chic,5/1/1998,108,59,53.7,26.73905671,12.02675827,spring,1998
chic,5/2/1998,99,57,52,41.77965119,18.54968334,spring,1998
chic,5/3/1998,93,53,50.3,19.49480147,21.6135524,spring,1998
chic,5/4/1998,119,60,47,28.48378218,20.30337956,spring,1998
chic,5/5/1998,115,62,54.1,44.08221476,19.04415528,spring,1998
chic,5/6/1998,99,68,56.8,39.53612378,23.59235584,spring,1998
chic,5/7/1998,80,57,56,34.55540752,23.07930421,spring,1998
chic,5/8/1998,92,62,51.3,19.74160713,34.82005674,spring,1998
chic,5/9/1998,110,58,43.5,13.75805785,24.64209643,spring,1998
chic,5/10/1998,115,58,40.1,9.73601928,26.73020043,spring,1998
chic,5/11/1998,101,61,48.1,30.59387892,21.61338928,spring,1998
chic,5/12/1998,107,63,55.1,57.65059609,33.35509244,spring,1998
chic,5/13/1998,112,68,52.5,40.62029306,29.76278735,spring,1998
chic,5/14/1998,117,68,55.4,52.66636317,33.67248446,spring,1998
chic,5/15/1998,117,75,65.8,110.5991736,36.3068342,spring,1998
chic,5/16/1998,85,72,50.9,34.55785124,34.45011545,spring,1998
chic,5/17/1998,120,68,49.2,35.01192927,26.13040883,spring,1998
chic,5/18/1998,112,76,49.4,101.4889807,35.23010416,spring,1998
chic,5/19/1998,137,79,61,91.54683196,35.46879312,spring,1998
chic,5/20/1998,88,65,52.8,45.44859224,20.62162403,spring,1998
chic,5/21/1998,101,64,46.9,33.45220386,25.1496667,spring,1998
chic,5/22/1998,93,57,47.9,28.57892562,20.56745734,spring,1998
chic,5/23/1998,100,61,45.5,33.41852666,32.0312251,spring,1998
chic,5/24/1998,86,61,54.3,27.46046832,31.68930604,spring,1998
chic,5/25/1998,87,62,48.3,16.38884298,35.92409174,spring,1998
chic,5/26/1998,93,63,45.7,38.36193211,24.9074708,spring,1998
chic,5/27/1998,106,67,52.8,69.33891185,35.25646016,spring,1998
chic,5/28/1998,98,75,64.3,82.37747934,31.38121511,spring,1998
chic,5/29/1998,114,74,62.3,30.28611225,26.88084873,spring,1998
chic,5/30/1998,128,73,62.7,60.23422865,32.14161446,spring,1998
chic,5/31/1998,118,70,60.2,34.20668044,37.70309356,spring,1998
chic,6/1/1998,100,63,45.7,28.43731615,25.4868917,spring,1998
chic,6/2/1998,103,63,50.7,38.10309917,24.48816556,spring,1998
chic,6/3/1998,83,55,45.7,23.08106061,13.01840205,spring,1998
chic,6/4/1998,109,56,37.7,26.57495811,22.1732181,spring,1998
chic,6/5/1998,97,50,41.6,10.91577135,19.23890261,spring,1998
chic,6/6/1998,107,54,38.9,16.87169422,7.453970291,spring,1998
chic,6/7/1998,108,58,41.1,11.05757109,21.54421057,spring,1998
chic,6/8/1998,113,56,46,42.70750689,16.80759785,spring,1998
chic,6/9/1998,109,61,59,24.71577135,15.93383896,spring,1998
chic,6/10/1998,102,68,58,38.31823176,21.18028383,spring,1998
chic,6/11/1998,100,68,65.8,37.70199725,17.50527856,spring,1998
chic,6/12/1998,108,74,61.5,22.65516529,30.76993826,spring,1998
chic,6/13/1998,104,69,58.2,16.75671196,31.83533298,spring,1998
chic,6/14/1998,92,67,57.5,28.6303719,27.26768385,spring,1998
chic,6/15/1998,93,70,58.7,24.56701102,27.16404668,spring,1998
chic,6/16/1998,101,70,61.2,40.07531986,13.79020052,spring,1998
chic,6/17/1998,99,73,63.7,38.71852617,20.7548625,spring,1998
chic,6/18/1998,124,77,69.3,56.80392562,34.50368079,spring,1998
chic,6/19/1998,97,73,61.2,34.66183406,29.71740293,spring,1998
chic,6/20/1998,104,78,68,39.64207989,31.84594116,spring,1998
chic,6/21/1998,102,79,66,14.63932507,32.43050861,spring,1998
chic,6/22/1998,90,74,61.9,32.08372732,26.97606441,spring,1998
chic,6/23/1998,84,74,60.6,38.58422865,39.88527977,spring,1998
chic,6/24/1998,107,83,70.2,74.60626722,34.97005694,spring,1998
chic,6/25/1998,115,83,70.8,66.61778027,41.95994841,spring,1998
chic,6/26/1998,103,79,68.4,45.44538918,37.49080473,spring,1998
chic,6/27/1998,116,82,70.3,44.40682168,47.71141906,spring,1998
chic,6/28/1998,104,78,69,24.51026922,37.74670537,spring,1998
chic,6/29/1998,116,77,68.2,33.33795116,19.73129756,spring,1998
chic,6/30/1998,96,74,60.5,18.32693188,25.36325052,spring,1998
chic,7/1/1998,86,70,56.7,29.46772625,23.14025089,summer,1998
chic,7/2/1998,98,73,57.8,56.33265163,25.66888813,summer,1998
chic,7/3/1998,92,79,65.4,50.34642574,32.1188752,summer,1998
chic,7/4/1998,105,69,62.4,24.92644426,24.81614389,summer,1998
chic,7/5/1998,77,70,56.3,14.38453663,24.73381544,summer,1998
chic,7/6/1998,105,78,69,42.37072448,27.79453625,summer,1998
chic,7/7/1998,103,72,66.7,32.49287435,33.63682316,summer,1998
chic,7/8/1998,104,74,64.9,22.53169851,33.91514063,summer,1998
chic,7/9/1998,91,75,64.2,40.51832773,32.24886287,summer,1998
chic,7/10/1998,80,73,62.4,32.84960731,29.89305294,summer,1998
chic,7/11/1998,110,71,55.9,21.44119275,37.6406215,summer,1998
chic,7/12/1998,95,71,55.6,24.43843792,37.81791816,summer,1998
chic,7/13/1998,99,73,60.3,74.38759856,34.1803807,summer,1998
chic,7/14/1998,101,78,67.1,87.37430546,37.13355554,summer,1998
chic,7/15/1998,85,79,66.1,58.47623383,36.65276566,summer,1998
chic,7/16/1998,105,80,57.9,33.38866724,21.71145461,summer,1998
chic,7/17/1998,127,75,64.7,43.50378204,27.47435711,summer,1998
chic,7/18/1998,103,77,65.5,63.47347901,30.65984149,summer,1998
chic,7/19/1998,94,81,71.8,33.46269118,32.88607166,summer,1998
chic,7/20/1998,90,79,68.1,37.1810501,26.46615043,summer,1998
chic,7/21/1998,112,85,72.9,57.21135313,34.03770825,summer,1998
chic,7/22/1998,111,76,67.6,24.59552148,17.8504717,summer,1998
chic,7/23/1998,100,73,56.6,38.15901153,19.64635244,summer,1998
chic,7/24/1998,104,72,51.1,26.20859831,20.49918209,summer,1998
chic,7/25/1998,107,70,55.4,28.22877363,23.91572013,summer,1998
chic,7/26/1998,117,70,56.8,19.21329084,27.09941246,summer,1998
chic,7/27/1998,109,74,65.1,39.24083905,26.81815869,summer,1998
chic,7/28/1998,103,79,64.9,43.75227239,24.39531608,summer,1998
chic,7/29/1998,113,77,55.2,21.21604566,32.2616697,summer,1998
chic,7/30/1998,101,72,57.5,30.25461316,19.68474565,summer,1998
chic,7/31/1998,100,71,54.7,13.25551439,24.12262719,summer,1998
chic,8/1/1998,105,72,57.3,29.27261288,30.49970296,summer,1998
chic,8/2/1998,90,72,55.9,26.31118037,38.51264977,summer,1998
chic,8/3/1998,109,78,64.8,62.20939816,32.45249083,summer,1998
chic,8/4/1998,101,70,68.6,29.33872858,20.04740956,summer,1998
chic,8/5/1998,96,76,70.7,27.28638698,22.01459272,summer,1998
chic,8/6/1998,138,78,71.3,39.51402044,19.95487187,summer,1998
chic,8/7/1998,116,75,70.8,33.32300976,10.16505454,summer,1998
chic,8/8/1998,81,77,70.7,33.30372601,18.39628999,summer,1998
chic,8/9/1998,81,77,70.1,36.23225492,20.84949556,summer,1998
chic,8/10/1998,93,76,68.5,35.28719709,27.52908925,summer,1998
chic,8/11/1998,96,71,63.4,36.49656348,23.3655677,summer,1998
chic,8/12/1998,109,70,60.9,31.16405909,28.84019544,summer,1998
chic,8/13/1998,98,71,60.2,40.00990101,30.87047683,summer,1998
chic,8/14/1998,108,71,64.4,64.00163655,25.80294031,summer,1998
chic,8/15/1998,93,71,64.3,29.80520181,20.8943462,summer,1998
chic,8/16/1998,90,72,62.9,24.0209203,27.0144644,summer,1998
chic,8/17/1998,111,75,69,52.93552085,22.60958586,summer,1998
chic,8/18/1998,101,68,63.9,14.92358222,20.98574271,summer,1998
chic,8/19/1998,104,69,55.1,36.80564738,20.1389224,summer,1998
chic,8/20/1998,143,73,65.4,61.81117216,24.54453334,summer,1998
chic,8/21/1998,101,80,70.8,48.80946695,30.99770354,summer,1998
chic,8/22/1998,105,78,69.5,47.87161172,32.91134417,summer,1998
chic,8/23/1998,104,81,71.2,62.91282051,43.65434527,summer,1998
chic,8/24/1998,91,76,71.4,51.80922411,17.91473364,summer,1998
chic,8/25/1998,103,76,63.9,29.84757326,24.30123553,summer,1998
chic,8/26/1998,107,73,60.9,33.80636447,25.26439302,summer,1998
chic,8/27/1998,111,72,64.5,34.00731918,26.21275881,summer,1998
chic,8/28/1998,102,69,66.4,35.81735348,12.25200493,summer,1998
chic,8/29/1998,92,76,63.1,26.80361722,20.43792922,summer,1998
chic,8/30/1998,109,70,55.7,16.89738595,21.81665746,summer,1998
chic,8/31/1998,119,69,54.6,28.77339744,18.75411476,summer,1998
chic,9/1/1998,110,69,58.5,54.7349359,16.84657368,summer,1998
chic,9/2/1998,91,65,50.1,45.75446371,20.30059175,summer,1998
chic,9/3/1998,107,68,57.9,50.72119963,23.6064544,summer,1998
chic,9/4/1998,99,69,54.2,29.66350733,35.04125239,summer,1998
chic,9/5/1998,96,70,61.4,51.60333,31.39586058,summer,1998
chic,9/6/1998,122,81,70.4,47.58250916,47.56210798,summer,1998
chic,9/7/1998,110,66,57.1,22.49459707,28.26803026,summer,1998
chic,9/8/1998,90,63,46.9,16.26096728,16.02455557,summer,1998
chic,9/9/1998,98,63,50.3,17.54954212,14.49696592,summer,1998
chic,9/10/1998,104,63,52.8,53.55778388,14.39672453,summer,1998
chic,9/11/1998,100,71,53.1,48.59899267,27.50518405,summer,1998
chic,9/12/1998,117,74,56.7,60.70064103,35.19750822,summer,1998
chic,9/13/1998,99,74,62.7,68.73086081,35.25090662,summer,1998
chic,9/14/1998,107,72,67.5,48.29253517,21.45651905,summer,1998
chic,9/15/1998,114,70,67,16.59899267,14.42667629,summer,1998
chic,9/16/1998,97,72,64.9,17.61272893,23.69825157,summer,1998
chic,9/17/1998,100,68,58.4,27.64998421,27.00013021,summer,1998
chic,9/18/1998,106,68,57.8,42.49325914,27.27217339,summer,1998
chic,9/19/1998,103,72,60.9,66.41908332,35.91220589,summer,1998
chic,9/20/1998,107,76,66.3,48.97975193,19.90428496,summer,1998
chic,9/21/1998,114,63,51.8,13.36413826,12.86014266,summer,1998
chic,9/22/1998,87,58,47.7,10.35314925,18.14906691,summer,1998
chic,9/23/1998,124,56,41.5,28.45701339,10.25031508,summer,1998
chic,9/24/1998,113,59,53.6,44.37554635,6.447717861,summer,1998
chic,9/25/1998,100,66,64.1,73.58433756,10.8240857,summer,1998
chic,9/26/1998,113,79,65.8,55.41970033,36.95089587,summer,1998
chic,9/27/1998,102,73,63.8,33.64752437,30.32567188,summer,1998
chic,9/28/1998,105,63,52.5,30.69148041,17.53191689,summer,1998
chic,9/29/1998,105,63,57,48.61341733,6.846173571,summer,1998
chic,9/30/1998,96,64,57.9,40.58525641,13.36619116,summer,1998
chic,10/1/1998,94,53,35.7,11.50009157,9.787839418,autumn,1998
chic,10/2/1998,103,49,41.9,23.40233242,10.8158687,autumn,1998
chic,10/3/1998,111,55,49.3,5.327014653,19.16943672,autumn,1998
chic,10/4/1998,91,60,50.3,8.296794873,19.16419304,autumn,1998
chic,10/5/1998,122,65,61.4,42.28855311,9.779308246,autumn,1998
chic,10/6/1998,98,65,61.2,15.34349817,9.216620178,autumn,1998
chic,10/7/1998,104,56,49.2,15.31327838,3.875538142,autumn,1998
chic,10/8/1998,105,54,44.8,13.00465515,11.31221667,autumn,1998
chic,10/9/1998,84,53,45.6,34.2720696,4.484221248,autumn,1998
chic,10/10/1998,112,53,46.4,57.2775641,7.984733488,autumn,1998
chic,10/11/1998,118,56,49.1,36.39020146,19.48633609,autumn,1998
chic,10/12/1998,122,60,46.9,42.45888278,10.04663934,autumn,1998
chic,10/13/1998,113,49,36.8,22.48910256,5.860236035,autumn,1998
chic,10/14/1998,99,48,40.4,26.74185351,4.287028161,autumn,1998
chic,10/15/1998,110,58,48.4,30.42591575,6.190887323,autumn,1998
chic,10/16/1998,103,68,57.2,50.428663,23.32690315,autumn,1998
chic,10/17/1998,104,67,64.4,56.46712454,22.9477125,autumn,1998
chic,10/18/1998,94,57,48.1,10.53031135,15.73579613,autumn,1998
chic,10/19/1998,102,52,39.2,27.4753663,7.957596869,autumn,1998
chic,10/20/1998,102,50,33.9,21.08135491,9.537845925,autumn,1998
chic,10/21/1998,108,48,34.5,11.45888278,9.515268266,autumn,1998
chic,10/22/1998,98,45,31.1,21.43141025,6.525605717,autumn,1998
chic,10/23/1998,120,52,36.3,50.61547619,6.877799543,autumn,1998
chic,10/24/1998,114,54,38.9,55.72811355,10.28262758,autumn,1998
chic,10/25/1998,120,55,44.8,37.78031136,7.278930329,autumn,1998
chic,10/26/1998,114,62,49.7,55.81278607,9.445527954,autumn,1998
chic,10/27/1998,130,63,58.6,86.69514652,4.563178739,autumn,1998
chic,10/28/1998,108,54,52.3,14.73360806,11.91828985,autumn,1998
chic,10/29/1998,91,52,51.9,35.62743779,3.608258636,autumn,1998
chic,10/30/1998,97,61,58.4,44.69106134,0.775211423,autumn,1998
chic,10/31/1998,101,57,52.7,10.68007233,3.34584526,autumn,1998
chic,11/1/1998,105,54,50,11.26056087,19.11101589,autumn,1998
chic,11/2/1998,102,49,39.8,6.608643758,21.7531344,autumn,1998
chic,11/3/1998,112,41,33.4,5.474028368,28.1382719,autumn,1998
chic,11/4/1998,116,37,32.8,10.32663888,21.7524449,autumn,1998
chic,11/5/1998,120,39,27.4,21.33335972,5.916253593,autumn,1998
chic,11/6/1998,99,38,25.8,20.33335972,8.330678601,autumn,1998
chic,11/7/1998,113,35,26.1,39.77304366,6.602146738,autumn,1998
chic,11/8/1998,110,37,31.8,32.3635795,6.738993926,autumn,1998
chic,11/9/1998,97,43,37.3,52.29215093,8.348756173,autumn,1998
chic,11/10/1998,124,52,41.2,39.04322029,14.62151019,autumn,1998
chic,11/11/1998,108,41,28.5,28.31575868,16.46878433,autumn,1998
chic,11/12/1998,119,40,31.1,31.37345098,4.69359805,autumn,1998
chic,11/13/1998,123,43,34.6,33.77004922,11.49740262,autumn,1998
chic,11/14/1998,111,50,40.2,28.62619824,9.721484893,autumn,1998
chic,11/15/1998,96,43,32.2,12.59048395,16.87493283,autumn,1998
chic,11/16/1998,102,48,39.1,30.40936276,6.470759103,autumn,1998
chic,11/17/1998,109,42,34.6,24.50448097,7.097389859,autumn,1998
chic,11/18/1998,123,48,38.7,46.67755789,6.955126107,autumn,1998
chic,11/19/1998,114,45,31.1,26.16402902,8.319255062,autumn,1998
chic,11/20/1998,114,31,24.4,12.55667878,7.943455347,autumn,1998
chic,11/21/1998,116,34,24.4,31.60063482,8.486784975,autumn,1998
chic,11/22/1998,105,49,34.9,58.50826386,14.17667937,autumn,1998
chic,11/23/1998,101,50,35.4,38.39561526,13.11126336,autumn,1998
chic,11/24/1998,110,46,30.1,32.33792295,5.457522707,autumn,1998
chic,11/25/1998,117,50,35.8,34.37713488,4.065176921,autumn,1998
chic,11/26/1998,103,50,32.3,19.40385702,9.814313443,autumn,1998
chic,11/27/1998,94,48,35.7,62.50275812,5.617518789,autumn,1998
chic,11/28/1998,123,54,48.6,43.4122565,10.60628032,autumn,1998
chic,11/29/1998,106,63,58.4,57.63537127,13.24199304,autumn,1998
chic,11/30/1998,102,52,50.7,34.62438226,12.61060853,autumn,1998
chic,12/1/1998,100,45,37.7,24.77694284,6.669878551,autumn,1998
chic,12/2/1998,112,55,45.8,36.67108555,8.226131666,autumn,1998
chic,12/3/1998,104,61,54.9,43.68756907,8.491750429,autumn,1998
chic,12/4/1998,117,61,59.3,54.61237527,3.66162155,autumn,1998
chic,12/5/1998,113,59,56.6,33.47142081,8.073820443,autumn,1998
chic,12/6/1998,103,50,49.2,11.37526696,8.092803353,autumn,1998
chic,12/7/1998,99,39,31.6,10.74276566,18.65149123,autumn,1998
chic,12/8/1998,130,38,29,23.32306916,6.105578668,autumn,1998
chic,12/9/1998,105,39,29.5,29.25164059,6.531887007,autumn,1998
chic,12/10/1998,99,35,29,18.99180403,5.012532007,autumn,1998
chic,12/11/1998,108,39,26.1,26.05936476,6.115629388,autumn,1998
chic,12/12/1998,112,38,26.1,29.00716696,7.123482719,autumn,1998
chic,12/13/1998,109,38,31.2,25.81906562,13.0106034,autumn,1998
chic,12/14/1998,125,36,32.1,54.04288124,7.848083757,autumn,1998
chic,12/15/1998,113,44,31.2,31.08958454,6.421882764,autumn,1998
chic,12/16/1998,125,37,27.2,14.07628205,5.780097358,autumn,1998
chic,12/17/1998,124,32,22.3,16.00331116,8.823021024,autumn,1998
chic,12/18/1998,119,43,30.1,52.06375072,7.963781569,autumn,1998
chic,12/19/1998,126,35,26.3,22.67121099,9.246538265,autumn,1998
chic,12/20/1998,107,31,27.6,14.09122325,6.013476119,autumn,1998
chic,12/21/1998,126,23,18.8,19.95386061,6.906369398,autumn,1998
chic,12/22/1998,120,10,-1.9,24.84788757,15.1006225,autumn,1998
chic,12/23/1998,109,17,5.7,28.91014556,9.267595214,autumn,1998
chic,12/24/1998,140,19,4.8,24.03651918,10.64203305,autumn,1998
chic,12/25/1998,130,25,11.1,19.38421017,13.89052531,autumn,1998
chic,12/26/1998,138,26,12.3,36.10245325,11.75666022,autumn,1998
chic,12/27/1998,125,36,24,34.1052005,9.763213303,autumn,1998
chic,12/28/1998,156,29,23.3,33.06048535,5.780310269,autumn,1998
chic,12/29/1998,120,22,18.4,25.00914305,12.53233717,autumn,1998
chic,12/30/1998,99,7,-1.6,27.97068151,9.385773285,autumn,1998
chic,12/31/1998,141,13,5.1,25.80098556,9.786139557,autumn,1998
chic,1/1/1999,136,14,7.7,17.03386832,19.54416909,winter,1999
chic,1/2/1999,147,22,21,NA,28.62178903,winter,1999
chic,1/3/1999,136,16,8.4,17.98230706,21.30799347,winter,1999
chic,1/4/1999,128,-2,-6.9,13.94939623,11.43364549,winter,1999
chic,1/5/1999,126,1,-6.1,30.99060502,8.987229863,winter,1999
chic,1/6/1999,128,12,9.8,25.11542598,9.092744575,winter,1999
chic,1/7/1999,154,1,-6.7,36.8697259,6.958779839,winter,1999
chic,1/8/1999,153,16,10.9,22.89170392,17.60590815,winter,1999
chic,1/9/1999,113,4,-1.1,17.9727058,12.81903336,winter,1999
chic,1/10/1999,138,6,-0.4,18.96857079,19.14758235,winter,1999
chic,1/11/1999,150,5,0,30.90813124,10.17194648,winter,1999
chic,1/12/1999,146,20,14.1,33.44114521,10.06825369,winter,1999
chic,1/13/1999,137,20,15.4,1.880658712,30.68947994,winter,1999
chic,1/14/1999,139,18,12.6,21.80373563,18.2186632,winter,1999
chic,1/15/1999,118,23,20.2,38.57846091,6.83010581,winter,1999
chic,1/16/1999,138,30,29.8,26.60598963,9.600006101,winter,1999
chic,1/17/1999,93,28,31.3,32.69664897,8.005669007,winter,1999
chic,1/18/1999,140,29,25.8,14.37407024,20.05480504,winter,1999
chic,1/19/1999,118,27,20,28.70489073,9.724252881,winter,1999
chic,1/20/1999,162,30,28.8,55.75708853,7.200447204,winter,1999
chic,1/21/1999,138,37,32.6,54.75983579,7.526303704,winter,1999
chic,1/22/1999,137,42,41.5,16.79826008,5.890249243,winter,1999
chic,1/23/1999,136,39,35.3,5.817490847,8.242540134,winter,1999
chic,1/24/1999,136,33,30,18.82103776,17.14494244,winter,1999
chic,1/25/1999,148,28,24.6,12.74880953,10.5674216,winter,1999
chic,1/26/1999,135,29,23.4,32.7790293,8.855005304,winter,1999
chic,1/27/1999,120,42,34,48.6084575,11.26457581,winter,1999
chic,1/28/1999,107,33,27.4,22.66062271,10.58076686,winter,1999
chic,1/29/1999,133,33,25.6,27.56446887,12.49897025,winter,1999
chic,1/30/1999,137,34,28,40.60526907,17.8815932,winter,1999
chic,1/31/1999,119,36,27.5,20.56721612,23.12806104,winter,1999
chic,2/1/1999,117,40,38.4,22.6029304,7.147065373,winter,1999
chic,2/2/1999,131,38,32.4,5.457777675,7.980014085,winter,1999
chic,2/3/1999,126,41,27.4,41.47957876,15.10296027,winter,1999
chic,2/4/1999,143,31,21.1,16.49606227,17.07570506,winter,1999
chic,2/5/1999,113,31,24.2,27.102224,7.190115273,winter,1999
chic,2/6/1999,145,40,30.4,18.44935898,12.09818874,winter,1999
chic,2/7/1999,143,33,29.8,24.5235348,15.6647266,winter,1999
chic,2/8/1999,134,37,36.2,31.50722822,7.851604321,winter,1999
chic,2/9/1999,139,44,29.8,8.529029307,12.03513552,winter,1999
chic,2/10/1999,145,44,27.2,49.51804029,12.57207016,winter,1999
chic,2/11/1999,136,49,47.8,27.31352596,14.81587092,winter,1999
chic,2/12/1999,135,23,13.1,12.53727107,23.94505279,winter,1999
chic,2/13/1999,137,23,10.8,21.69661172,17.65464822,winter,1999
chic,2/14/1999,138,34,21.9,35.71327218,15.67563571,winter,1999
chic,2/15/1999,147,45,30.6,56.61428571,15.75160473,winter,1999
chic,2/16/1999,125,39,32.1,29.66373626,10.13252463,winter,1999
chic,2/17/1999,150,27,20.4,20.35634419,14.55313538,winter,1999
chic,2/18/1999,142,29,21.8,29.65824176,13.57977919,winter,1999
chic,2/19/1999,137,28,20.9,8.77912088,26.46738717,winter,1999
chic,2/20/1999,145,25,17,6.761942762,25.25822691,winter,1999
chic,2/21/1999,124,28,15.7,NA,35.74690833,winter,1999
chic,2/22/1999,136,26,9.4,19.81057926,28.73954081,winter,1999
chic,2/23/1999,133,29,14.9,36.99334293,15.68002902,winter,1999
chic,2/24/1999,130,27,22.9,53.87926057,6.450027134,winter,1999
chic,2/25/1999,155,33,26.5,28.88200782,9.969505331,winter,1999
chic,2/26/1999,149,36,27.9,43.82323492,8.255861291,winter,1999
chic,2/27/1999,140,43,39.2,32.96730769,6.452663152,winter,1999
chic,2/28/1999,114,37,32.1,2.00302198,15.70905043,winter,1999
chic,3/1/1999,138,38,25.3,22.46973833,24.6358029,winter,1999
chic,3/2/1999,137,37,33.1,29.98928571,5.739615668,winter,1999
chic,3/3/1999,158,31,18.7,4.9206044,21.2970315,winter,1999
chic,3/4/1999,142,30,18.4,17.44272034,17.51141431,winter,1999
chic,3/5/1999,130,35,28.7,29.94313187,16.59490893,winter,1999
chic,3/6/1999,112,25,19.7,1.84697802,35.95396195,winter,1999
chic,3/7/1999,109,21,14.4,18.60374476,38.56851801,winter,1999
chic,3/8/1999,126,24,16.2,42.92664835,29.46465989,winter,1999
chic,3/9/1999,152,29,26.4,11.91565934,26.70677448,winter,1999
chic,3/10/1999,123,29,20.3,2.010254856,36.94482506,winter,1999
chic,3/11/1999,124,28,20.4,13.2253663,24.05767003,winter,1999
chic,3/12/1999,117,27,19.6,12.23360806,32.06890014,winter,1999
chic,3/13/1999,132,28,18.1,23.4757415,33.90482476,winter,1999
chic,3/14/1999,124,32,18.9,3.335256413,39.14909493,winter,1999
chic,3/15/1999,155,31,19.2,36.48635531,15.54066561,winter,1999
chic,3/16/1999,132,43,29.8,44.49386447,12.75543386,winter,1999
chic,3/17/1999,130,50,40.7,29.45247253,27.02090598,winter,1999
chic,3/18/1999,114,38,27.1,13.44148352,26.50227063,winter,1999
chic,3/19/1999,135,36,23.7,21.88113254,21.98530581,winter,1999
chic,3/20/1999,141,39,27.2,31.425,18.05084975,winter,1999
chic,3/21/1999,137,38,23.2,5.46620879,31.74913394,winter,1999
chic,3/22/1999,142,36,21.3,23.52794903,22.38122106,winter,1999
chic,3/23/1999,120,38,21,40.41232073,13.42644609,winter,1999
chic,3/24/1999,121,35,21.9,19.37111194,32.91692417,winter,1999
chic,3/25/1999,147,32,23.3,22.73659595,30.22006738,winter,1999
chic,3/26/1999,143,35,25.9,17.41232073,29.91757085,winter,1999
chic,3/27/1999,103,41,26.3,35.50847458,21.31821868,winter,1999
chic,3/28/1999,113,43,33.7,54.24526336,18.00209367,winter,1999
chic,3/29/1999,115,48,24.5,24.11612963,15.82785634,winter,1999
chic,3/30/1999,116,55,28.5,97.17107469,22.33493812,winter,1999
chic,3/31/1999,122,60,41.3,64.19200508,28.35575895,winter,1999
chic,4/1/1999,113,58,51.7,45.31667908,13.04434356,spring,1999
chic,4/2/1999,115,64,54.6,45.27821755,12.42635286,spring,1999
chic,4/3/1999,117,63,57.8,40.40659341,12.98439759,spring,1999
chic,4/4/1999,97,56,47.3,14.12590799,20.54201314,spring,1999
chic,4/5/1999,108,50,43.2,16.10392997,18.39485504,spring,1999
chic,4/6/1999,108,53,42.4,18.55500839,21.26039985,spring,1999
chic,4/7/1999,127,55,42.7,58.07645744,27.17509624,spring,1999
chic,4/8/1999,122,55,43.7,35.0325014,28.83376837,spring,1999
chic,4/9/1999,126,45,40,6.223190607,28.64008032,spring,1999
chic,4/10/1999,108,47,35,12.4233563,30.93955098,spring,1999
chic,4/11/1999,114,46,39.7,9.511268392,20.43486355,spring,1999
chic,4/12/1999,113,45,32.1,26.31823365,22.31422499,spring,1999
chic,4/13/1999,120,50,33.3,36.41511455,18.4290943,spring,1999
chic,4/14/1999,101,49,26,62.39588378,25.70069269,spring,1999
chic,4/15/1999,119,49,39.4,27.44789693,33.30460743,spring,1999
chic,4/16/1999,121,44,37.3,6.553931525,23.65752797,spring,1999
chic,4/17/1999,120,44,34,7.540195255,15.36767577,spring,1999
chic,4/18/1999,108,42,37.1,29.11922548,10.94031267,spring,1999
chic,4/19/1999,106,42,36.5,45.65283262,10.25507157,spring,1999
chic,4/20/1999,117,45,39.4,43.59239306,20.15808876,spring,1999
chic,4/21/1999,111,54,48,32.59560595,22.51149214,spring,1999
chic,4/22/1999,100,48,47.2,31.47197802,9.717691324,spring,1999
chic,4/23/1999,116,43,35.6,NA,27.18680189,spring,1999
chic,4/24/1999,119,44,24.6,16.88223687,30.83584827,spring,1999
chic,4/25/1999,90,48,30.5,19.71098901,30.58304691,spring,1999
chic,4/26/1999,103,51,33.4,33.64505495,36.41027869,spring,1999
chic,4/27/1999,113,50,41.5,29.45234135,26.47570696,spring,1999
chic,4/28/1999,113,51,38.4,12.71227107,28.57303001,spring,1999
chic,4/29/1999,109,52,32.7,15.51721612,32.83588524,spring,1999
chic,4/30/1999,104,51,29,27.20476608,29.15402576,spring,1999
chic,5/1/1999,106,56,30.5,28.22600733,29.71179081,spring,1999
chic,5/2/1999,94,58,37.3,31.13260073,42.53538905,spring,1999
chic,5/3/1999,114,64,42.8,51.16158658,38.04415057,spring,1999
chic,5/4/1999,144,67,52.2,75.06510989,39.14696078,spring,1999
chic,5/5/1999,102,70,57.2,74.00192308,32.83490212,spring,1999
chic,5/6/1999,89,58,52.8,24.5732241,17.46917865,spring,1999
chic,5/7/1999,103,56,46.9,31.60631868,19.58111101,spring,1999
chic,5/8/1999,116,53,48.2,8.57335165,10.88682904,spring,1999
chic,5/9/1999,97,51,42.7,7.446090206,16.28984636,spring,1999
chic,5/10/1999,102,58,46.5,32.45054945,31.67145808,spring,1999
chic,5/11/1999,132,67,52.1,63.43406593,31.83543868,spring,1999
chic,5/12/1999,100,62,52.7,43.9866014,26.39231903,spring,1999
chic,5/13/1999,102,51,41,16.42582418,26.16748444,spring,1999
chic,5/14/1999,101,53,41.3,15.31868132,24.63822878,spring,1999
chic,5/15/1999,107,60,54.8,49.20554262,20.21414704,spring,1999
chic,5/16/1999,96,69,63.1,44.14725275,35.56790249,spring,1999
chic,5/17/1999,116,69,62.6,31.13351648,26.72656774,spring,1999
chic,5/18/1999,93,61,52.3,17.57582728,20.0231906,spring,1999
chic,5/19/1999,104,61,44.8,25.15824176,19.21668451,spring,1999
chic,5/20/1999,95,64,49.1,51.04285714,34.41146167,spring,1999
chic,5/21/1999,118,66,56.8,64.9518641,44.70101229,spring,1999
chic,5/22/1999,91,59,52.8,8.953388283,32.94545999,spring,1999
chic,5/23/1999,88,60,50.7,18.90668498,16.03266295,spring,1999
chic,5/24/1999,114,51,40.7,16.08506356,15.47942103,spring,1999
chic,5/25/1999,114,56,38.7,33.9231685,24.18764115,spring,1999
chic,5/26/1999,95,60,40.4,19.96712454,21.52440984,spring,1999
chic,5/27/1999,96,64,41.3,57.0275641,23.50689212,spring,1999
chic,5/28/1999,108,75,53.8,43.01657509,27.48636703,spring,1999
chic,5/29/1999,94,76,54.4,46.15393773,45.50516456,spring,1999
chic,5/30/1999,109,70,56,52.64953087,49.13631337,spring,1999
chic,5/31/1999,102,73,63.4,35.36822344,27.1240673,spring,1999
chic,6/1/1999,110,65,59.7,32.40119048,15.86636789,spring,1999
chic,6/2/1999,124,64,57.7,11.44514652,12.71101574,spring,1999
chic,6/3/1999,85,58,47.7,14.27481685,20.49753015,spring,1999
chic,6/4/1999,114,64,56.6,31.22811355,30.96367468,spring,1999
chic,6/5/1999,108,75,68,30.47884635,27.16082362,spring,1999
chic,6/6/1999,107,80,69.9,49.32152015,29.72139934,spring,1999
chic,6/7/1999,98,81,63.8,31.31602564,33.47200493,spring,1999
chic,6/8/1999,120,80,63.2,36.23086081,36.22664728,spring,1999
chic,6/9/1999,107,79,63.2,48.15119048,25.02766007,spring,1999
chic,6/10/1999,111,79,66.7,57.07152015,26.21821685,spring,1999
chic,6/11/1999,94,78,67.5,46.46747881,30.26126389,spring,1999
chic,6/12/1999,88,75,68.2,39.08800366,37.81813142,spring,1999
chic,6/13/1999,114,65,63.5,17.12097069,25.60318152,spring,1999
chic,6/14/1999,99,66,55,10.06053113,23.2518199,spring,1999
chic,6/15/1999,102,58,37.9,5.181410253,24.01318292,spring,1999
chic,6/16/1999,102,61,44.7,17.21163003,26.57333488,spring,1999
chic,6/17/1999,85,57,42.9,16.5204096,23.74301258,spring,1999
chic,6/18/1999,101,59,47.6,32.22811355,25.41338852,spring,1999
chic,6/19/1999,97,68,49.9,25.30503663,36.60733128,spring,1999
chic,6/20/1999,101,67,54.4,34.26108059,52.1321487,spring,1999
chic,6/21/1999,123,72,59.8,62.25283883,50.34700635,spring,1999
chic,6/22/1999,97,74,66.2,79.24459707,31.71645363,spring,1999
chic,6/23/1999,111,76,67.3,61.18142461,42.22683125,spring,1999
chic,6/24/1999,89,76,65.9,26.2198718,25.02507458,spring,1999
chic,6/25/1999,105,75,58.2,43.20338828,28.67719534,spring,1999
chic,6/26/1999,95,76,66.2,40.13195971,33.65021661,spring,1999
chic,6/27/1999,106,78,70.6,41.201608,38.26099108,spring,1999
chic,6/28/1999,94,77,69.2,51.23182778,28.13532464,spring,1999
chic,6/29/1999,94,66,51.1,22.62058111,21.56293326,spring,1999
chic,6/30/1999,98,68,54.7,30.28402558,26.09139161,spring,1999
chic,7/1/1999,114,74,64.3,28.33897063,23.84949949,summer,1999
chic,7/2/1999,98,77,67.3,30.32798162,26.20084001,summer,1999
chic,7/3/1999,111,84,76.2,63.33562271,27.035654,summer,1999
chic,7/4/1999,90,86,74.1,41.30057078,27.49448236,summer,1999
chic,7/5/1999,104,87,74.4,33.77035916,31.30838135,summer,1999
chic,7/6/1999,113,79,62.7,25.33618722,25.19658891,summer,1999
chic,7/7/1999,116,75,53.7,23.3553653,26.72897657,summer,1999
chic,7/8/1999,89,76,60.4,71.36096664,35.52733063,summer,1999
chic,7/9/1999,105,76,65,30.34474886,32.11038254,summer,1999
chic,7/10/1999,89,64,51.5,7.333789957,21.48088503,summer,1999
chic,7/11/1999,83,67,50.3,24.78974362,19.31181367,summer,1999
chic,7/12/1999,99,68,50.8,44.3283105,22.9294964,summer,1999
chic,7/13/1999,103,70,55.7,72.38310502,30.73674813,summer,1999
chic,7/14/1999,133,74,59.2,95.4054988,42.50400733,summer,1999
chic,7/15/1999,93,78,62.8,84.34942922,49.01187304,summer,1999
chic,7/16/1999,115,82,68.3,109.322032,43.07105935,summer,1999
chic,7/17/1999,122,75,70.6,32.92819402,23.91190495,summer,1999
chic,7/18/1999,89,77,66.6,28.36038813,29.7758458,summer,1999
chic,7/19/1999,96,79,70.1,35.38778539,24.44879189,summer,1999
chic,7/20/1999,115,76,70.4,28.4857867,27.10619561,summer,1999
chic,7/21/1999,98,83,72.1,36.48607306,26.81558556,summer,1999
chic,7/22/1999,88,82,73.4,31.60114155,25.54246136,summer,1999
chic,7/23/1999,95,83,72.8,35.45199549,22.96911804,summer,1999
chic,7/24/1999,110,82,73.2,17.58470319,31.58697336,summer,1999
chic,7/25/1999,102,85,70.6,19.54634703,35.94505139,summer,1999
chic,7/26/1999,99,80,69.5,49.5946347,20.98616994,summer,1999
chic,7/27/1999,121,79,68.3,26.5727169,23.72908536,summer,1999
chic,7/28/1999,98,82,71.8,34.58641552,30.43287306,summer,1999
chic,7/29/1999,105,83,76.6,45.56168755,27.57127651,summer,1999
chic,7/30/1999,139,90,77.1,63.56723744,30.93987065,summer,1999
chic,7/31/1999,139,83,71.4,29.56723744,34.49725639,summer,1999
chic,8/1/1999,116,74,60.1,8.564497713,23.91280335,summer,1999
chic,8/2/1999,117,71,56.3,11.54805936,16.00891934,summer,1999
chic,8/3/1999,87,71,59,28.53710046,21.18970346,summer,1999
chic,8/4/1999,93,76,58.3,32.91134086,21.25184836,summer,1999
chic,8/5/1999,102,73,55.6,19.50422374,18.77458569,summer,1999
chic,8/6/1999,107,76,62,46.5097032,26.14627451,summer,1999
chic,8/7/1999,108,72,67.7,39.55901826,19.67568979,summer,1999
chic,8/8/1999,109,66,57,4.517922373,23.71123663,summer,1999
chic,8/9/1999,105,66,56.2,29.53984018,20.24130486,summer,1999
chic,8/10/1999,107,78,63.8,32.2807363,29.44721446,summer,1999
chic,8/11/1999,104,75,61.1,38.42477169,16.09171221,summer,1999
chic,8/12/1999,105,70,65.9,30.42477169,13.11329518,summer,1999
chic,8/13/1999,102,72,65.6,30.55627854,20.44144797,summer,1999
chic,8/14/1999,100,64,52.7,4.531621003,21.07934054,summer,1999
chic,8/15/1999,73,66,54.4,13.48778538,17.89959257,summer,1999
chic,8/16/1999,95,73,57.9,36.84863857,26.92019035,summer,1999
chic,8/17/1999,128,75,60.6,33.61655251,26.34870663,summer,1999
chic,8/18/1999,87,67,62.7,36.64121005,5.039963028,summer,1999
chic,8/19/1999,81,68,62.3,14.57271689,22.00572671,summer,1999
chic,8/20/1999,90,67,57.2,16.60833333,21.73987833,summer,1999
chic,8/21/1999,99,65,57.4,27.60833333,17.00780536,summer,1999
chic,8/22/1999,124,67,57.1,32.12434861,21.07465527,summer,1999
chic,8/23/1999,98,72,64.2,39.43299087,19.6448236,summer,1999
chic,8/24/1999,99,71,67.1,32.331621,27.2438224,summer,1999
chic,8/25/1999,89,70,66.1,21.1836758,31.18079236,summer,1999
chic,8/26/1999,103,72,64.6,31.23847032,24.27684277,summer,1999
chic,8/27/1999,87,74,66.1,60.15079909,22.64189692,summer,1999
chic,8/28/1999,105,80,69.7,58.6077761,29.82905184,summer,1999
chic,8/29/1999,104,69,56,12.2576484,28.76220175,summer,1999
chic,8/30/1999,98,62,51.8,16.19189497,23.4572281,summer,1999
chic,8/31/1999,109,65,54.4,31.09600457,23.00395667,summer,1999
chic,9/1/1999,85,70,57.3,78.13710046,34.70643513,summer,1999
chic,9/2/1999,100,74,62.1,98.131621,38.7774172,summer,1999
chic,9/3/1999,115,76,61.5,76.93613871,47.01808928,summer,1999
chic,9/4/1999,110,79,61.6,63.09600457,54.46578716,summer,1999
chic,9/5/1999,100,77,63.5,56.0466895,53.22070908,summer,1999
chic,9/6/1999,100,66,54.9,10.90970319,24.28898892,summer,1999
chic,9/7/1999,98,65,55.2,24.89052511,14.29205562,summer,1999
chic,9/8/1999,100,71,54.2,35.67682648,17.32443752,summer,1999
chic,9/9/1999,90,62,46.6,39.44636251,11.81512422,summer,1999
chic,9/10/1999,97,62,45.2,48.65216895,13.1296235,summer,1999
chic,9/11/1999,93,64,48.7,40.67956621,19.56084961,summer,1999
chic,9/12/1999,106,68,58.9,27.67956621,23.81063283,summer,1999
chic,9/13/1999,111,59,49.9,11.56449771,6.246615648,summer,1999
chic,9/14/1999,105,59,44.4,17.54531963,8.615104538,summer,1999
chic,9/15/1999,104,55,46.2,26.10771067,9.027476618,summer,1999
chic,9/16/1999,111,59,47.8,19.64668949,12.51966101,summer,1999
chic,9/17/1999,99,59,48.1,21.66038812,13.71782471,summer,1999
chic,9/18/1999,103,62,49,50.65490868,18.6754664,summer,1999
chic,9/19/1999,109,64,53.5,49.68230594,29.36273339,summer,1999
chic,9/20/1999,100,58,45.9,9.657648403,11.98512893,summer,1999
chic,9/21/1999,107,51,44.6,13.7017885,14.56536103,summer,1999
chic,9/22/1999,102,57,39.8,23.56449772,12.01744716,summer,1999
chic,9/23/1999,103,66,46.3,48.43025114,22.4273639,summer,1999
chic,9/24/1999,114,57,47.1,5.367237443,19.72000162,summer,1999
chic,9/25/1999,93,62,48.4,36.37271689,25.48207159,summer,1999
chic,9/26/1999,121,72,49.3,91.39189498,43.63367584,summer,1999
chic,9/27/1999,96,66,58.7,25.87258876,35.49187486,summer,1999
chic,9/28/1999,116,58,56.7,8.556278543,16.36287844,summer,1999
chic,9/29/1999,96,56,43.7,3.769977173,11.23323479,summer,1999
chic,9/30/1999,89,56,38.9,29.00011416,13.01493143,summer,1999
chic,10/1/1999,89,51,35,23.95353881,7.9057477,autumn,1999
chic,10/2/1999,119,46,40.8,15.93710045,9.355331731,autumn,1999
chic,10/3/1999,101,44,40.2,17.55543128,15.05900106,autumn,1999
chic,10/4/1999,111,47,38,14.89600456,15.546915,autumn,1999
chic,10/5/1999,106,51,36.8,39.91244292,8.446929842,autumn,1999
chic,10/6/1999,110,52,41.8,24.74531963,17.82529778,autumn,1999
chic,10/7/1999,115,59,42.4,29.71792237,13.73910933,autumn,1999
chic,10/8/1999,107,61,54.1,62.75079909,13.53299551,autumn,1999
chic,10/9/1999,124,59,57.6,50.75386346,4.535930006,autumn,1999
chic,10/10/1999,108,66,58,23.67682648,22.02754809,autumn,1999
chic,10/11/1999,97,55,46.1,28.64121005,14.50368633,autumn,1999
chic,10/12/1999,105,62,47.2,81.64942922,19.51930118,autumn,1999
chic,10/13/1999,113,56,44,27.68778539,13.7177289,autumn,1999
chic,10/14/1999,103,48,34.8,31.73436073,10.07176479,autumn,1999
chic,10/15/1999,98,64,46.3,47.28563957,23.24934226,autumn,1999
chic,10/16/1999,100,58,54.2,53.39189498,21.46195338,autumn,1999
chic,10/17/1999,98,45,33.8,1.364497713,13.89697418,autumn,1999
chic,10/18/1999,97,44,34.4,20.38093607,4.391250812,autumn,1999
chic,10/19/1999,106,50,33.5,47.41381279,8.292623786,autumn,1999
chic,10/20/1999,90,44,30.7,30.39189498,6.106025343,autumn,1999
chic,10/21/1999,103,52,36.3,39.38174399,9.527823559,autumn,1999
chic,10/22/1999,108,51,26.6,22.50422374,18.53954048,autumn,1999
chic,10/23/1999,101,43,25.7,6.468607303,19.39470696,autumn,1999
chic,10/24/1999,134,40,22.1,5.424771693,13.15207141,autumn,1999
chic,10/25/1999,111,50,28.1,59.44394977,12.16630831,autumn,1999
chic,10/26/1999,113,53,29.4,51.49874429,10.99278769,autumn,1999
chic,10/27/1999,119,48,37,41.51364578,9.042983723,autumn,1999
chic,10/28/1999,103,64,43.3,83.28230594,13.73504942,autumn,1999
chic,10/29/1999,127,62,47,93.15079909,25.02849178,autumn,1999
chic,10/30/1999,108,66,50.7,88.1727169,36.84166409,autumn,1999
chic,10/31/1999,106,58,49.3,42.18915525,14.89623709,autumn,1999
chic,11/1/1999,106,59,46.9,59.14257991,15.20789743,autumn,1999
chic,11/2/1999,106,42,22.6,21.79279489,19.02615177,autumn,1999
chic,11/3/1999,108,37,17.7,26.24394977,15.57670522,autumn,1999
chic,11/4/1999,100,46,24.2,120.2329909,12.91747821,autumn,1999
chic,11/5/1999,123,55,34.3,51.12730632,14.50474618,autumn,1999
chic,11/6/1999,114,45,20.3,30.05159817,14.70268839,autumn,1999
chic,11/7/1999,102,44,32.3,41.9803653,20.23691168,autumn,1999
chic,11/8/1999,97,55,41,46.49415264,10.03590825,autumn,1999
chic,11/9/1999,145,67,48.5,55.78310502,23.37744177,autumn,1999
chic,11/10/1999,99,58,46.7,50.91461187,24.53162977,autumn,1999
chic,11/11/1999,115,44,38,14.75744331,21.40969883,autumn,1999
chic,11/12/1999,115,47,41.2,67.67283105,7.466576382,autumn,1999
chic,11/13/1999,109,54,43.8,82.67283105,15.47228373,autumn,1999
chic,11/14/1999,101,45,30.5,24.64716009,22.98259973,autumn,1999
chic,11/15/1999,130,41,26.3,14.79885845,9.997374579,autumn,1999
chic,11/16/1999,100,38,29.3,12.76598174,17.23500991,autumn,1999
chic,11/17/1999,122,40,25,27.85825594,11.74941298,autumn,1999
chic,11/18/1999,113,58,36.2,85.86438356,18.05852569,autumn,1999
chic,11/19/1999,118,49,37.7,75.00684932,16.21544273,autumn,1999
chic,11/20/1999,119,39,35.2,38.48061758,4.947941986,autumn,1999
chic,11/21/1999,131,42,42,46.09452055,5.338232582,autumn,1999
chic,11/22/1999,101,54,46,52.95753425,9.170792264,autumn,1999
chic,11/23/1999,116,52,50,33.05813985,11.31733225,autumn,1999
chic,11/24/1999,93,40,30.7,14.25148401,10.06665499,autumn,1999
chic,11/25/1999,99,36,27.8,25.15833333,9.685306187,autumn,1999
chic,11/26/1999,131,37,32.2,30.1752786,10.54697451,autumn,1999
chic,11/27/1999,131,41,30.1,10.17477169,10.17153136,autumn,1999
chic,11/28/1999,123,34,25,6.289840183,10.61253134,autumn,1999
chic,11/29/1999,123,32,19.9,12.23132304,10.90783955,autumn,1999
chic,11/30/1999,100,30,15.3,20.28299086,8.230377906,autumn,1999
chic,12/1/1999,112,36,20.8,46.22545662,8.773448562,autumn,1999
chic,12/2/1999,116,50,32.9,32.78415052,10.41324636,autumn,1999
chic,12/3/1999,107,53,48,58.07751142,12.59924443,autumn,1999
chic,12/4/1999,129,49,48.5,50.14326484,6.400569345,autumn,1999
chic,12/5/1999,122,39,34.3,NA,13.90386275,autumn,1999
chic,12/6/1999,122,29,22.6,11.25684932,10.38755952,autumn,1999
chic,12/7/1999,113,33,29.1,30.22123288,7.705739065,autumn,1999
chic,12/8/1999,122,38,33.5,30.06832436,6.523389934,autumn,1999
chic,12/9/1999,127,43,38.6,56.04589041,8.431723598,autumn,1999
chic,12/10/1999,120,31,23.4,12.96917808,10.92264781,autumn,1999
chic,12/11/1999,124,31,25,21.79461535,8.320938703,autumn,1999
chic,12/12/1999,127,35,30.6,14.73390411,5.447432819,autumn,1999
chic,12/13/1999,127,35,31.2,38.75582192,11.13118213,autumn,1999
chic,12/14/1999,129,38,34.2,16.26387605,15.03473246,autumn,1999
chic,12/15/1999,122,36,33.9,17.59965753,5.677684349,autumn,1999
chic,12/16/1999,132,27,20.3,9.59417808,7.291623804,autumn,1999
chic,12/17/1999,135,23,17.9,9.728676186,13.00435145,autumn,1999
chic,12/18/1999,112,19,14.6,21.62431507,10.55951288,autumn,1999
chic,12/19/1999,114,32,29.1,30.67363014,7.753863732,autumn,1999
chic,12/20/1999,142,21,11,23.11469488,16.03593849,autumn,1999
chic,12/21/1999,124,8,-1.6,20.73390411,11.03988563,autumn,1999
chic,12/22/1999,127,13,5.8,22.91746575,7.549291128,autumn,1999
chic,12/23/1999,121,10,3.8,35.79134161,9.43534175,autumn,1999
chic,12/24/1999,123,14,4.7,27.7163242,11.42243909,autumn,1999
chic,12/25/1999,140,19,14,42.75468037,10.56227728,autumn,1999
chic,12/26/1999,150,28,14.3,25.43463856,24.35506668,autumn,1999
chic,12/27/1999,153,19,11.6,20.88892694,15.30820957,autumn,1999
chic,12/28/1999,164,21,16.4,12.98481735,11.37063254,autumn,1999
chic,12/29/1999,123,36,30.2,22.01615912,7.359955525,autumn,1999
chic,12/30/1999,131,34,28.9,5.930371903,12.75853931,autumn,1999
chic,12/31/1999,127,34,25.9,22.9138582,8.920877662,autumn,1999
chic,1/1/2000,160,42,32.2,31.3775998,8.655287013,winter,2000
chic,1/2/2000,147,48,42.3,43.98333333,19.0010659,winter,2000
chic,1/3/2000,160,35,33.7,5.003040853,13.34084349,winter,2000
chic,1/4/2000,131,28,22.2,10.00198766,15.28810587,winter,2000
chic,1/5/2000,126,20,16.6,21.96162465,8.162988886,winter,2000
chic,1/6/2000,127,34,25.3,32.94201681,7.430181643,winter,2000
chic,1/7/2000,139,25,13.3,27.25266458,10.83822717,winter,2000
chic,1/8/2000,139,37,28.5,25.01204482,9.419924715,winter,2000
chic,1/9/2000,124,39,38.5,25.87759104,6.055678078,winter,2000
chic,1/10/2000,139,42,34.9,8.893057736,11.03392121,winter,2000
chic,1/11/2000,135,33,21.5,8.914285717,14.48743846,winter,2000
chic,1/12/2000,122,31,21.7,12.04313726,16.80751625,winter,2000
chic,1/13/2000,137,25,18.4,20.67346832,12.1769015,winter,2000
chic,1/14/2000,122,20,14.5,30.37366947,7.394820504,winter,2000
chic,1/15/2000,140,34,24.2,42.63137255,7.443982993,winter,2000
chic,1/16/2000,124,31,19.4,6.73332265,22.85703987,winter,2000
chic,1/17/2000,108,22,12.7,21.72072829,21.89129688,winter,2000
chic,1/18/2000,139,25,20.9,18.77114846,6.874074541,winter,2000
chic,1/19/2000,137,21,15.7,35.53881672,5.750731803,winter,2000
chic,1/20/2000,129,10,2.1,12.81036415,15.36940523,winter,2000
chic,1/21/2000,128,5,-3.2,45.85518207,9.050500215,winter,2000
chic,1/22/2000,119,17,14.5,29.99978517,8.265631388,winter,2000
chic,1/23/2000,125,16,4.3,18.90343137,16.89340132,winter,2000
chic,1/24/2000,123,6,-0.6,33.87261905,8.840343553,winter,2000
chic,1/25/2000,133,17,8.5,24.39842065,13.17743453,winter,2000
chic,1/26/2000,119,15,5.4,26.72696078,12.15950441,winter,2000
chic,1/27/2000,117,20,11.5,26.64572829,14.70925368,winter,2000
chic,1/28/2000,124,21,14.5,49.72413593,8.974515396,winter,2000
chic,1/29/2000,129,24,19.1,26.85581233,25.95139603,winter,2000
chic,1/30/2000,112,28,23.3,23.89222689,11.19516286,winter,2000
chic,1/31/2000,129,20,14.4,35.1213662,13.11473378,winter,2000
chic,2/1/2000,110,25,16.5,25.79978992,12.21563269,winter,2000
chic,2/2/2000,113,21,16,38.79418768,9.548223283,winter,2000
chic,2/3/2000,117,33,26.7,18.84171177,11.69170793,winter,2000
chic,2/4/2000,109,25,19,13.81393557,14.34272805,winter,2000
chic,2/5/2000,127,21,16.5,20.83354341,13.6010116,winter,2000
chic,2/6/2000,113,23,21.6,37.99634035,9.188339443,winter,2000
chic,2/7/2000,114,26,23.3,15.80553221,17.67217143,winter,2000
chic,2/8/2000,116,22,21.6,43.80553221,13.41659148,winter,2000
chic,2/9/2000,129,41,30.2,36.76911765,14.03768044,winter,2000
chic,2/10/2000,103,35,32.1,48.78872549,11.67976263,winter,2000
chic,2/11/2000,114,24,13.9,8.802731093,22.12836574,winter,2000
chic,2/12/2000,102,24,14.5,30.67867989,26.07694923,winter,2000
chic,2/13/2000,97,30,26.8,36.74390756,15.74244588,winter,2000
chic,2/14/2000,116,26,22.5,14.60385154,16.32894503,winter,2000
chic,2/15/2000,123,31,28.1,28.64026611,8.546350216,winter,2000
chic,2/16/2000,91,28,19,19.68508403,19.18855246,winter,2000
chic,2/17/2000,106,27,18.6,35.72710084,18.30194637,winter,2000
chic,2/18/2000,122,30,27.8,22.04412723,26.32658324,winter,2000
chic,2/19/2000,133,29,21.7,7.760714283,23.35381687,winter,2000
chic,2/20/2000,111,27,19.7,19.81673669,24.36073708,winter,2000
chic,2/21/2000,134,35,29.1,48.83634454,12.48984186,winter,2000
chic,2/22/2000,120,49,40.3,55.80833333,10.44545087,winter,2000
chic,2/23/2000,120,59,40.6,85.7355042,27.48161548,winter,2000
chic,2/24/2000,94,49,49.9,24.30490755,17.25156517,winter,2000
chic,2/25/2000,114,55,50.3,59.5842437,17.53819906,winter,2000
chic,2/26/2000,110,56,51.7,35.58984594,26.03142814,winter,2000
chic,2/27/2000,109,45,30.7,NA,24.95315032,winter,2000
chic,2/28/2000,111,43,26.8,24.68508403,13.2874168,winter,2000
chic,2/29/2000,103,54,34.4,42.59264706,21.0465762,winter,2000
chic,3/1/2000,112,46,32.9,16.71075244,25.69095992,winter,2000
chic,3/2/2000,101,33,23.8,5.533823533,28.68319485,winter,2000
chic,3/3/2000,105,35,24.1,32.6262605,25.00734207,winter,2000
chic,3/4/2000,104,46,30.7,25.78592437,15.32266804,winter,2000
chic,3/5/2000,95,52,36.5,18.83634453,15.22615911,winter,2000
chic,3/6/2000,109,51,32.1,63.99040616,18.65702448,winter,2000
chic,3/7/2000,109,66,49.7,39.42904468,22.87103998,winter,2000
chic,3/8/2000,130,67,50.9,88.97359944,28.62237693,winter,2000
chic,3/9/2000,87,46,32.7,15.89516806,21.17884728,winter,2000
chic,3/10/2000,111,30,21.9,5.853151263,22.15045297,winter,2000
chic,3/11/2000,119,30,19,0.886764703,29.1230401,winter,2000
chic,3/12/2000,99,34,19.3,10.94558823,17.00558487,winter,2000
chic,3/13/2000,109,39,33.4,38.18589395,8.220951952,winter,2000
chic,3/14/2000,84,45,32.6,41.87836134,16.05696432,winter,2000
chic,3/15/2000,110,50,41.9,32.76071429,18.33478614,winter,2000
chic,3/16/2000,108,33,22.3,0.752310923,37.35177756,winter,2000
chic,3/17/2000,102,32,18.5,6.783123253,35.73795321,winter,2000
chic,3/18/2000,113,34,20.8,14.80833333,22.7387212,winter,2000
chic,3/19/2000,100,39,34.1,30.7789129,15.69855789,winter,2000
chic,3/20/2000,126,49,46.4,12.81953781,15.23763819,winter,2000
chic,3/21/2000,93,47,45.3,41.59544818,3.117767888,winter,2000
chic,3/22/2000,113,51,44,52.57584034,8.406148615,winter,2000
chic,3/23/2000,99,50,43.7,66.62065826,15.46453962,winter,2000
chic,3/24/2000,99,57,49,39.67387955,18.91664027,winter,2000
chic,3/25/2000,106,53,32.8,20.7079756,32.47255536,winter,2000
chic,3/26/2000,106,52,31.8,26.76911765,30.7521755,winter,2000
chic,3/27/2000,119,47,31.2,8.015616243,28.53933451,winter,2000
chic,3/28/2000,93,39,31.1,8.004411763,15.30290878,winter,2000
chic,3/29/2000,90,40,29.3,17.95399159,18.09021186,winter,2000
chic,3/30/2000,111,40,31,31.92037815,22.06870592,winter,2000
chic,3/31/2000,97,45,28.1,53.56709943,12.26151237,winter,2000
chic,4/1/2000,98,52,33.9,49.72990196,14.20302896,spring,2000
chic,4/2/2000,98,51,42.5,36.52261905,21.89346162,spring,2000
chic,4/3/2000,116,52,34.3,29.39936975,16.80925147,spring,2000
chic,4/4/2000,111,38,19.7,8.337745093,22.54098323,spring,2000
chic,4/5/2000,122,44,23.8,68.43018207,21.07321191,spring,2000
chic,4/6/2000,120,53,27.3,77.61295322,23.21178137,spring,2000
chic,4/7/2000,114,41,32.7,21.53662465,14.06344418,spring,2000
chic,4/8/2000,108,34,23,25.69908964,25.54224589,spring,2000
chic,4/9/2000,115,45,26.7,16.87556022,22.04734807,spring,2000
chic,4/10/2000,120,37,28.1,20.89796918,27.67970973,spring,2000
chic,4/11/2000,86,34,33.1,8.889565823,21.43156739,spring,2000
chic,4/12/2000,122,39,25.3,32.42646587,19.54124702,spring,2000
chic,4/13/2000,99,49,28.3,43.67948179,19.7802867,spring,2000
chic,4/14/2000,121,58,42.8,104.4217787,22.35771225,spring,2000
chic,4/15/2000,100,56,46.9,50.39376751,22.12613804,spring,2000
chic,4/16/2000,125,44,40.9,15.4890056,17.0643968,spring,2000
chic,4/17/2000,101,41,38.9,8.393767503,14.450478,spring,2000
chic,4/18/2000,120,48,42.5,40.61988662,7.35767485,spring,2000
chic,4/19/2000,97,52,48.8,49.27892157,7.965098215,spring,2000
chic,4/20/2000,108,53,50.2,18.20889355,12.20330193,spring,2000
chic,4/21/2000,105,44,35,0.203291313,28.24375954,spring,2000
chic,4/22/2000,97,48,31.4,10.17808123,20.58798814,spring,2000
chic,4/23/2000,84,47,40.3,19.08844537,31.5888819,spring,2000
chic,4/24/2000,112,52,32.6,22.94254884,33.14556941,spring,2000
chic,4/25/2000,112,49,23.4,11.00161064,34.41221594,spring,2000
chic,4/26/2000,123,52,24.2,29.04922969,26.75137514,spring,2000
chic,4/27/2000,123,53,26.3,86.95097802,23.20134194,spring,2000
chic,4/28/2000,127,54,32.2,61.03578431,28.32613228,spring,2000
chic,4/29/2000,85,48,39.1,7.293487397,21.69667378,spring,2000
chic,4/30/2000,113,54,40,40.318595,22.72783785,spring,2000
chic,5/1/2000,122,57,49.2,46.54838936,20.52207473,spring,2000
chic,5/2/2000,97,57,43.1,26.59880952,24.9236294,spring,2000
chic,5/3/2000,102,63,48.6,59.5897047,30.53648482,spring,2000
chic,5/4/2000,118,72,58.1,76.49166548,29.97829595,spring,2000
chic,5/5/2000,126,74,59.3,77.77457865,32.48649062,spring,2000
chic,5/6/2000,125,74,61.3,38.45315961,31.00641044,spring,2000
chic,5/7/2000,104,71,65,33.84180554,24.23219177,spring,2000
chic,5/8/2000,128,76,67.5,100.8810212,23.69747107,spring,2000
chic,5/9/2000,108,59,55,9.984709741,20.79943663,spring,2000
chic,5/10/2000,104,55,45,15.02805631,19.41794057,spring,2000
chic,5/11/2000,114,67,59.9,47.15970897,19.03702823,spring,2000
chic,5/12/2000,102,73,66.8,40.32275228,21.78954567,spring,2000
chic,5/13/2000,94,53,38.4,15.3277762,23.33708559,spring,2000
chic,5/14/2000,105,52,33,14.53786023,30.3625404,spring,2000
chic,5/15/2000,108,57,35,33.56043659,17.94537844,spring,2000
chic,5/16/2000,95,61,49.6,43.4355042,18.20306688,spring,2000
chic,5/17/2000,111,61,56.5,49.39068627,14.22377741,spring,2000
chic,5/18/2000,102,58,51.8,29.97156006,27.81459496,spring,2000
chic,5/19/2000,105,46,40.3,NA,25.20144639,spring,2000
chic,5/20/2000,104,55,37.8,15.76323529,23.15923734,spring,2000
chic,5/21/2000,104,57,48.6,27.79404762,25.52912562,spring,2000
chic,5/22/2000,122,67,56.4,69.88928571,18.12450827,spring,2000
chic,5/23/2000,104,69,52,41.98172269,23.3766169,spring,2000
chic,5/24/2000,94,68,42.2,59.435444,32.66796114,spring,2000
chic,5/25/2000,121,64,36.5,54.94530812,28.65525742,spring,2000
chic,5/26/2000,89,61,48.5,68.92009804,16.74385215,spring,2000
chic,5/27/2000,102,60,55.9,26.9004902,31.00181709,spring,2000
chic,5/28/2000,101,55,52,4.900490193,24.87624519,spring,2000
chic,5/29/2000,117,56,47.4,6.822058823,25.10399508,spring,2000
chic,5/30/2000,102,65,61.4,35.94573909,25.92074545,spring,2000
chic,5/31/2000,105,67,64.8,53.80245098,13.32290265,spring,2000
chic,6/1/2000,99,73,65.5,59.90329132,31.65320342,spring,2000
chic,6/2/2000,89,60,52.8,21.16939776,24.98646717,spring,2000
chic,6/3/2000,87,55,44.9,8.331862743,28.94772466,spring,2000
chic,6/4/2000,88,56,50.6,14.4355042,27.62222898,spring,2000
chic,6/5/2000,92,54,47,20.65695677,30.35649938,spring,2000
chic,6/6/2000,116,60,41.8,45.34306723,20.12780664,spring,2000
chic,6/7/2000,122,64,46.8,96.38228291,31.61048258,spring,2000
chic,6/8/2000,113,78,59.8,54.46071429,49.30276012,spring,2000
chic,6/9/2000,115,77,57.5,86.57556022,54.18005148,spring,2000
chic,6/10/2000,134,80,67,89.50273109,31.05064327,spring,2000
chic,6/11/2000,98,70,66.8,26.05013429,15.02874049,spring,2000
chic,6/12/2000,109,57,56,10.46058052,8.301824372,spring,2000
chic,6/13/2000,109,69,63.8,32.48579812,11.74565398,spring,2000
chic,6/14/2000,90,72,64.6,42.40692488,25.58810402,spring,2000
chic,6/15/2000,95,70,58.8,20.39847418,24.92798947,spring,2000
chic,6/16/2000,114,67,60.3,24.31678404,21.57814156,spring,2000
chic,6/17/2000,106,60,45.3,15.64226759,24.94275995,spring,2000
chic,6/18/2000,92,65,46.9,8.347769953,27.92134118,spring,2000
chic,6/19/2000,89,66,57,43.35340376,28.9653551,spring,2000
chic,6/20/2000,101,74,68.6,33.33368545,19.3872155,spring,2000
chic,6/21/2000,114,74,58,13.27453051,24.86804851,spring,2000
chic,6/22/2000,89,72,56.2,13.30551643,27.34968233,spring,2000
chic,6/23/2000,92,71,61.7,33.12367624,23.0059731,spring,2000
chic,6/24/2000,108,71,67.5,30.36748826,21.43017107,spring,2000
chic,6/25/2000,99,75,65.1,16.42946009,28.72455008,spring,2000
chic,6/26/2000,120,72,63.9,18.37030516,20.49043109,spring,2000
chic,6/27/2000,106,68,52.6,17.36748826,18.65549392,spring,2000
chic,6/28/2000,84,62,57,NA,8.919470575,spring,2000
chic,6/29/2000,102,66,52.3,27.48055556,18.80236511,spring,2000
chic,6/30/2000,105,66,54.7,NA,19.45676837,spring,2000
chic,7/1/2000,99,71,61.2,NA,32.85067192,summer,2000
chic,7/2/2000,85,74,70,NA,33.88893005,summer,2000
chic,7/3/2000,97,68,64.7,NA,20.34244975,summer,2000
chic,7/4/2000,88,70,64.5,NA,26.69233753,summer,2000
chic,7/5/2000,120,76,65,35.76138616,40.43435335,summer,2000
chic,7/6/2000,89,74,64.2,31.38438967,36.87266989,summer,2000
chic,7/7/2000,108,70,58,26.38438967,22.82264886,summer,2000
chic,7/8/2000,117,73,64,52.38438967,32.08074097,summer,2000
chic,7/9/2000,111,81,70.7,56.38438967,35.52728124,summer,2000
chic,7/10/2000,98,73,68.3,19.38438967,26.56027084,summer,2000
chic,7/11/2000,119,69,64,31.90720207,31.80069194,summer,2000
chic,7/12/2000,96,72,58.1,27.38438967,35.7316838,summer,2000
chic,7/13/2000,108,75,64.5,40.38438967,31.95766375,summer,2000
chic,7/14/2000,97,77,63.4,23.38438967,31.15510462,summer,2000
chic,7/15/2000,116,73,60.1,18.38438967,26.04671461,summer,2000
chic,7/16/2000,91,73,57.7,20.38438967,21.58605558,summer,2000
chic,7/17/2000,94,77,63.4,31.03634495,21.66152835,summer,2000
chic,7/18/2000,98,66,54.3,18.38438967,20.17870537,summer,2000
chic,7/19/2000,83,63,53.9,14.38438967,18.64370665,summer,2000
chic,7/20/2000,91,67,56.3,38.38438967,16.07889471,summer,2000
chic,7/21/2000,100,67,51.1,16.38438967,15.32244846,summer,2000
chic,7/22/2000,97,63,53.9,17.38438967,16.22172454,summer,2000
chic,7/23/2000,98,63,49.7,18.2353648,16.45859092,summer,2000
chic,7/24/2000,112,66,53.6,31.38438967,29.20198558,summer,2000
chic,7/25/2000,106,69,56.7,45.38438967,30.00209278,summer,2000
chic,7/26/2000,103,73,60.8,84.38438967,34.10427139,summer,2000
chic,7/27/2000,92,77,65.8,64.38438967,29.94411719,summer,2000
chic,7/28/2000,93,74,65.5,28.38438967,30.62572529,summer,2000
chic,7/29/2000,111,73,65.9,33.28567344,47.2368079,summer,2000
chic,7/30/2000,84,71,67.1,17.38438967,34.43222358,summer,2000
chic,7/31/2000,111,70,66.2,22.38438967,16.30270128,summer,2000
chic,8/1/2000,97,73,67.2,32.38438967,16.34410225,summer,2000
chic,8/2/2000,101,76,64.6,31.38438967,23.91718164,summer,2000
chic,8/3/2000,97,63,54.5,4.384389673,26.84183978,summer,2000
chic,8/4/2000,104,67,53.8,32.20651408,22.23155649,summer,2000
chic,8/5/2000,103,67,61.3,40.38438967,22.18729526,summer,2000
chic,8/6/2000,108,78,70.6,36.38438967,28.10459982,summer,2000
chic,8/7/2000,112,76,66.5,19.38438967,17.04524052,summer,2000
chic,8/8/2000,107,77,69.4,30.38438967,18.42345309,summer,2000
chic,8/9/2000,112,79,67,44.38438967,24.53641506,summer,2000
chic,8/10/2000,93,74,62.3,32.57875985,21.5744642,summer,2000
chic,8/11/2000,97,71,60.8,26.38438967,16.84220096,summer,2000
chic,8/12/2000,104,71,61,31.38438967,22.36516209,summer,2000
chic,8/13/2000,104,74,62.5,26.38438967,24.18999127,summer,2000
chic,8/14/2000,80,76,67.9,64.38438967,28.10542446,summer,2000
chic,8/15/2000,125,82,68.8,54.38438967,37.07561135,summer,2000
chic,8/16/2000,102,70,54.9,22.77349836,19.66313932,summer,2000
chic,8/17/2000,81,68,62.3,22.38438967,20.01577481,summer,2000
chic,8/18/2000,86,67,59.5,9.384389673,21.4413851,summer,2000
chic,8/19/2000,108,64,56,11.38438967,16.45650814,summer,2000
chic,8/20/2000,106,65,54,8.384389673,26.16294753,summer,2000
chic,8/21/2000,109,67,56.3,31.38438967,27.61323332,summer,2000
chic,8/22/2000,119,76,67.6,45.74128339,26.68562086,summer,2000
chic,8/23/2000,93,76,69,59.38438967,26.6310616,summer,2000
chic,8/24/2000,110,71,58.5,33.38438967,24.90813668,summer,2000
chic,8/25/2000,95,70,59,75.38438967,23.48357266,summer,2000
chic,8/26/2000,101,73,64.6,59.38438967,28.77313644,summer,2000
chic,8/27/2000,105,72,64.3,16.38438967,40.85571129,summer,2000
chic,8/28/2000,89,75,64.2,43.34862071,29.95944427,summer,2000
chic,8/29/2000,83,77,68.7,50.38438967,26.55545249,summer,2000
chic,8/30/2000,109,77,70.6,66.38438967,29.21618997,summer,2000
chic,8/31/2000,106,80,68.2,66.38438967,34.96121224,summer,2000
chic,9/1/2000,100,80,69,66.38438967,39.31931324,summer,2000
chic,9/2/2000,103,79,67.3,31.38438967,36.07028827,summer,2000
chic,9/3/2000,99,77,66.8,39.01528738,34.75782024,summer,2000
chic,9/4/2000,93,66,55.1,2.384389673,23.02089384,summer,2000
chic,9/5/2000,89,63,45.2,10.38438967,27.6445054,summer,2000
chic,9/6/2000,91,61,48.4,34.38438967,22.12363761,summer,2000
chic,9/7/2000,100,74,60.5,65.38438967,24.72362241,summer,2000
chic,9/8/2000,100,75,66.8,52.38438967,12.8678192,summer,2000
chic,9/9/2000,91,76,67.4,31.23239061,16.78164438,summer,2000
chic,9/10/2000,99,78,70.5,21.38438967,12.3445309,summer,2000
chic,9/11/2000,91,75,67.9,46.38438967,17.81011275,summer,2000
chic,9/12/2000,100,63,52.9,20.38438967,16.11464843,summer,2000
chic,9/13/2000,79,63,49.7,61.38438967,10.67315497,summer,2000
chic,9/14/2000,103,65,52.5,28.38438967,17.3526208,summer,2000
chic,9/15/2000,92,56,40.1,17.2353648,11.54718221,summer,2000
chic,9/16/2000,112,56,41,14.38438967,12.70954375,summer,2000
chic,9/17/2000,120,68,47.7,20.38438967,26.63177409,summer,2000
chic,9/18/2000,118,69,53.2,79.38438967,22.47679522,summer,2000
chic,9/19/2000,111,75,51.1,91.38438967,37.9996803,summer,2000
chic,9/20/2000,101,58,53,17.38438967,7.855788805,summer,2000
chic,9/21/2000,102,54,40.5,20.56869813,13.41372205,summer,2000
chic,9/22/2000,92,58,51.3,31.38438967,5.689751135,summer,2000
chic,9/23/2000,101,63,58.2,11.38438967,11.4363514,summer,2000
chic,9/24/2000,103,53,46.2,0.384389673,21.39974732,summer,2000
chic,9/25/2000,97,49,40.2,5.384389673,16.24556551,summer,2000
chic,9/26/2000,109,56,41.2,33.38438967,9.551032675,summer,2000
chic,9/27/2000,90,59,46.6,27.35296343,14.27348932,summer,2000
chic,9/28/2000,113,55,41.1,17.38438967,13.93107805,summer,2000
chic,9/29/2000,127,61,42.1,56.38438967,10.45918217,summer,2000
chic,9/30/2000,109,65,48.1,67.38438967,23.4869819,summer,2000
chic,10/1/2000,124,72,50.7,91.38438967,46.52659088,autumn,2000
chic,10/2/2000,120,69,53.8,54.38438967,28.57540533,autumn,2000
chic,10/3/2000,119,59,49.7,35.08091302,14.48269852,autumn,2000
chic,10/4/2000,102,57,47.1,8.384389673,28.23489069,autumn,2000
chic,10/5/2000,117,52,48.2,13.38438967,16.85348038,autumn,2000
chic,10/6/2000,112,41,29.4,6.384389673,14.07251829,autumn,2000
chic,10/7/2000,125,40,26.7,6.384389673,10.91804326,autumn,2000
chic,10/8/2000,122,39,26.6,1.384389673,12.22977594,autumn,2000
chic,10/9/2000,113,44,25.9,23.18195404,7.794532015,autumn,2000
chic,10/10/2000,126,49,27,33.38438967,7.666720505,autumn,2000
chic,10/11/2000,95,53,30.2,67.38438967,8.985125835,autumn,2000
chic,10/12/2000,119,58,36.3,120.3843897,19.40841635,autumn,2000
chic,10/13/2000,126,66,39.6,125.3843897,28.33600858,autumn,2000
chic,10/14/2000,124,67,49.3,70.38438967,24.58677929,autumn,2000
chic,10/15/2000,130,55,47.6,23.87531358,16.8445761,autumn,2000
chic,10/16/2000,111,51,46.6,37.38438967,16.37999939,autumn,2000
chic,10/17/2000,114,52,45.5,37.38438967,10.8583039,autumn,2000
chic,10/18/2000,112,54,45.7,75.38438967,9.247537705,autumn,2000
chic,10/19/2000,125,62,47.3,57.38438967,12.79712805,autumn,2000
chic,10/20/2000,116,66,49.1,78.38438967,22.31345449,autumn,2000
chic,10/21/2000,103,58,50.3,43.89342198,20.75399561,autumn,2000
chic,10/22/2000,117,59,51.8,40.38438967,10.92419002,autumn,2000
chic,10/23/2000,114,65,60.5,66.38438967,3.186013395,autumn,2000
chic,10/24/2000,111,63,60.3,33.38438967,9.693399155,autumn,2000
chic,10/25/2000,99,62,57.9,36.38438967,11.08427068,autumn,2000
chic,10/26/2000,124,68,58.3,76.38438967,17.36877073,autumn,2000
chic,10/27/2000,112,61,53.4,32.20851899,14.35881762,autumn,2000
chic,10/28/2000,81,50,41.4,3.384389673,23.10909633,autumn,2000
chic,10/29/2000,108,46,36.8,18.38438967,15.55746419,autumn,2000
chic,10/30/2000,112,50,32.7,25.38438967,10.36920644,autumn,2000
chic,10/31/2000,120,59,37.6,43.38438967,4.711815845,autumn,2000
chic,11/1/2000,115,63,44.6,42.38438967,9.088807005,autumn,2000
chic,11/2/2000,116,55,48.6,37.14667819,7.166705555,autumn,2000
chic,11/3/2000,101,48,34.8,21.38438967,9.301888855,autumn,2000
chic,11/4/2000,107,46,31.4,29.38438967,8.187527975,autumn,2000
chic,11/5/2000,100,46,31,32.38438967,15.27086131,autumn,2000
chic,11/6/2000,117,49,38,30.38438967,20.14005836,autumn,2000
chic,11/7/2000,115,49,41.9,10.38438967,5.868687395,autumn,2000
chic,11/8/2000,108,40,31.5,21.48856949,3.769280155,autumn,2000
chic,11/9/2000,102,39,37,6.384389673,6.469150205,autumn,2000
chic,11/10/2000,98,37,31.6,10.38438967,4.840924055,autumn,2000
chic,11/11/2000,108,38,32.1,17.38438967,6.118088795,autumn,2000
chic,11/12/2000,118,45,37.3,10.38438967,6.951422125,autumn,2000
chic,11/13/2000,103,36,29.7,11.38438967,5.082685955,autumn,2000
chic,11/14/2000,117,32,26.4,17.2353648,7.868088795,autumn,2000
chic,11/15/2000,112,31,23.6,31.38438967,7.769362565,autumn,2000
chic,11/16/2000,110,36,29.2,26.38438967,5.388237645,autumn,2000
chic,11/17/2000,108,30,20.8,7.384389673,10.07642213,autumn,2000
chic,11/18/2000,117,27,18.3,29.38438967,12.49158479,autumn,2000
chic,11/19/2000,136,30,22,17.38438967,11.9776959,autumn,2000
chic,11/20/2000,103,24,17.9,23.56572395,10.90344233,autumn,2000
chic,11/21/2000,120,19,8,22.38438967,11.35962943,autumn,2000
chic,11/22/2000,112,22,11,31.38438967,6.136742765,autumn,2000
chic,11/23/2000,127,29,17,33.38438967,5.400631655,autumn,2000
chic,11/24/2000,120,32,19.2,36.38438967,5.064278995,autumn,2000
chic,11/25/2000,114,38,32.6,30.38438967,8.762628465,autumn,2000
chic,11/26/2000,111,39,36.6,27.2353648,2.499352615,autumn,2000
chic,11/27/2000,114,34,30.5,36.38438967,2.386742765,autumn,2000
chic,11/28/2000,128,34,29.7,25.38438967,4.304908175,autumn,2000
chic,11/29/2000,128,35,33.1,18.38438967,2.665783165,autumn,2000
chic,11/30/2000,119,34,30.7,12.38438967,7.068797065,autumn,2000
chic,12/1/2000,125,34,24.8,3.384389673,23.17214034,autumn,2000
chic,12/2/2000,113,31,21.6,10.90203146,29.71380701,autumn,2000
chic,12/3/2000,128,28,19.3,15.38438967,7.702443375,autumn,2000
chic,12/4/2000,126,32,24,36.38438967,7.769362565,autumn,2000
chic,12/5/2000,112,21,2.8,11.38438967,14.1497202,autumn,2000
chic,12/6/2000,112,15,8,18.38438967,6.441694455,autumn,2000
chic,12/7/2000,123,25,23.5,24.38438967,3.159085755,autumn,2000
chic,12/8/2000,106,18,11.8,34.06869813,8.186647535,autumn,2000
chic,12/9/2000,110,16,13.1,41.38438967,5.130473675,autumn,2000
chic,12/10/2000,117,30,24.8,24.38438967,3.936647535,autumn,2000
chic,12/11/2000,126,23,21.2,NA,17.06253324,autumn,2000
chic,12/12/2000,138,4,0.3,NA,9.951416865,autumn,2000
chic,12/13/2000,121,8,7.9,38.38438967,5.999136615,autumn,2000
chic,12/14/2000,125,17,17.1,36.7353648,4.201960155,autumn,2000
chic,12/15/2000,121,17,17.4,41.38438967,3.058240345,autumn,2000
chic,12/16/2000,126,25,27,13.38438967,3.463435545,autumn,2000
chic,12/17/2000,131,8,0.6,12.38438967,14.34986524,autumn,2000
chic,12/18/2000,125,8,3.5,31.38438967,5.912365245,autumn,2000
chic,12/19/2000,129,14,9.2,24.38438967,9.247954585,autumn,2000
chic,12/20/2000,118,6,4.7,44.85296343,5.620698575,autumn,2000
chic,12/21/2000,97,6,0.1,14.38438967,12.81544495,autumn,2000
chic,12/22/2000,124,-1,-7.1,15.38438967,8.620698575,autumn,2000
chic,12/23/2000,144,8,5.1,31.38438967,6.724865245,autumn,2000
chic,12/24/2000,128,5,-1.4,23.38438967,11.00643076,autumn,2000
chic,12/25/2000,131,5,-1.7,39.38438967,7.099865245,autumn,2000
chic,12/26/2000,122,11,9.2,30.01461673,8.641531915,autumn,2000
chic,12/27/2000,119,12,7.6,23.38438967,7.403191545,autumn,2000
chic,12/28/2000,125,13,9,20.38438967,9.497954585,autumn,2000
chic,12/29/2000,132,21,16.9,29.38438967,14.64153191,autumn,2000
chic,12/30/2000,133,27,23,6.384389673,20.07903191,autumn,2000
chic,12/31/2000,145,16,16.3,7.384389673,15.78736524,autumn,2000
